pair,season,slot,utc,bars,median,mean,p90,base,threshold,avoid
USD/JPY,summer,0,00:00,7335,0.40,0.3753,0.5,0.40,1.20,no
USD/JPY,summer,1,00:15,7335,0.30,0.3456,0.5,0.40,1.20,no
USD/JPY,summer,2,00:30,7335,0.30,0.3453,0.5,0.40,1.20,no
USD/JPY,summer,3,00:45,7335,0.40,0.3745,0.5,0.40,1.20,no
USD/JPY,summer,4,01:00,7335,0.30,0.3587,0.5,0.40,1.20,no
USD/JPY,summer,5,01:15,7335,0.30,0.3428,0.5,0.40,1.20,no
USD/JPY,summer,6,01:30,7335,0.30,0.3471,0.5,0.40,1.20,no
USD/JPY,summer,7,01:45,7335,0.30,0.3383,0.5,0.40,1.20,no
USD/JPY,summer,8,02:00,7335,0.30,0.3375,0.5,0.40,1.20,no
USD/JPY,summer,9,02:15,7335,0.20,0.3275,0.5,0.40,1.20,no
USD/JPY,summer,10,02:30,7335,0.20,0.3235,0.5,0.40,1.20,no
USD/JPY,summer,11,02:45,7335,0.20,0.3224,0.5,0.40,1.20,no
USD/JPY,summer,12,03:00,7322,0.20,0.3240,0.5,0.40,1.20,no
USD/JPY,summer,13,03:15,7320,0.20,0.3204,0.5,0.40,1.20,no
USD/JPY,summer,14,03:30,7320,0.20,0.3233,0.5,0.40,1.20,no
USD/JPY,summer,15,03:45,7320,0.20,0.3237,0.5,0.40,1.20,no
USD/JPY,summer,16,04:00,7320,0.20,0.3242,0.5,0.40,1.20,no
USD/JPY,summer,17,04:15,7329,0.20,0.3226,0.5,0.40,1.20,no
USD/JPY,summer,18,04:30,7335,0.20,0.3284,0.5,0.40,1.20,no
USD/JPY,summer,19,04:45,7335,0.20,0.3240,0.5,0.40,1.20,no
USD/JPY,summer,20,05:00,7335,0.20,0.3269,0.5,0.40,1.20,no
USD/JPY,summer,21,05:15,7335,0.20,0.3231,0.5,0.40,1.20,no
USD/JPY,summer,22,05:30,7335,0.20,0.3251,0.5,0.40,1.20,no
USD/JPY,summer,23,05:45,7335,0.20,0.3309,0.5,0.40,1.20,no
USD/JPY,summer,24,06:00,7335,0.30,0.3474,0.5,0.40,1.20,no
USD/JPY,summer,25,06:15,7335,0.30,0.3364,0.5,0.40,1.20,no
USD/JPY,summer,26,06:30,7335,0.30,0.3424,0.5,0.40,1.20,no
USD/JPY,summer,27,06:45,7335,0.30,0.3417,0.5,0.40,1.20,no
USD/JPY,summer,28,07:00,7335,0.30,0.3602,0.5,0.40,1.20,no
USD/JPY,summer,29,07:15,7335,0.30,0.3472,0.5,0.40,1.20,no
USD/JPY,summer,30,07:30,7335,0.30,0.3460,0.5,0.40,1.20,no
USD/JPY,summer,31,07:45,7335,0.30,0.3408,0.5,0.40,1.20,no
USD/JPY,summer,32,08:00,7335,0.30,0.3528,0.5,0.40,1.20,no
USD/JPY,summer,33,08:15,7335,0.30,0.3392,0.5,0.40,1.20,no
USD/JPY,summer,34,08:30,7335,0.20,0.3355,0.5,0.40,1.20,no
USD/JPY,summer,35,08:45,7335,0.20,0.3299,0.5,0.40,1.20,no
USD/JPY,summer,36,09:00,7335,0.20,0.3310,0.5,0.40,1.20,no
USD/JPY,summer,37,09:15,7335,0.20,0.3250,0.5,0.40,1.20,no
USD/JPY,summer,38,09:30,7335,0.20,0.3221,0.5,0.40,1.20,no
USD/JPY,summer,39,09:45,7335,0.20,0.3191,0.5,0.40,1.20,no
USD/JPY,summer,40,10:00,7335,0.20,0.3249,0.5,0.40,1.20,no
USD/JPY,summer,41,10:15,7335,0.20,0.3186,0.5,0.40,1.20,no
USD/JPY,summer,42,10:30,7335,0.20,0.3217,0.5,0.40,1.20,no
USD/JPY,summer,43,10:45,7335,0.20,0.3216,0.5,0.40,1.20,no
USD/JPY,summer,44,11:00,7335,0.20,0.3262,0.5,0.40,1.20,no
USD/JPY,summer,45,11:15,7335,0.20,0.3249,0.5,0.40,1.20,no
USD/JPY,summer,46,11:30,7335,0.20,0.3286,0.5,0.40,1.20,no
USD/JPY,summer,47,11:45,7335,0.20,0.3296,0.5,0.40,1.20,no
USD/JPY,summer,48,12:00,7335,0.20,0.3371,0.5,0.40,1.20,no
USD/JPY,summer,49,12:15,7335,0.30,0.3556,0.5,0.40,1.20,no
USD/JPY,summer,50,12:30,7335,0.40,0.4304,0.6,0.40,1.20,no
USD/JPY,summer,51,12:45,7335,0.40,0.3790,0.5,0.40,1.20,no
USD/JPY,summer,52,13:00,7335,0.40,0.3732,0.5,0.40,1.20,no
USD/JPY,summer,53,13:15,7335,0.30,0.3603,0.5,0.40,1.20,no
USD/JPY,summer,54,13:30,7335,0.40,0.3876,0.5,0.40,1.20,no
USD/JPY,summer,55,13:45,7335,0.40,0.3900,0.5,0.40,1.20,no
USD/JPY,summer,56,14:00,7335,0.40,0.4079,0.6,0.40,1.20,no
USD/JPY,summer,57,14:15,7335,0.40,0.3709,0.5,0.40,1.20,no
USD/JPY,summer,58,14:30,7335,0.40,0.3644,0.5,0.40,1.20,no
USD/JPY,summer,59,14:45,7335,0.30,0.3654,0.5,0.40,1.20,no
USD/JPY,summer,60,15:00,7335,0.30,0.3550,0.5,0.40,1.20,no
USD/JPY,summer,61,15:15,7335,0.30,0.3416,0.5,0.40,1.20,no
USD/JPY,summer,62,15:30,7335,0.30,0.3380,0.5,0.40,1.20,no
USD/JPY,summer,63,15:45,7335,0.20,0.3333,0.5,0.40,1.20,no
USD/JPY,summer,64,16:00,7335,0.20,0.3321,0.5,0.40,1.20,no
USD/JPY,summer,65,16:15,7335,0.20,0.3303,0.5,0.40,1.20,no
USD/JPY,summer,66,16:30,7335,0.20,0.3317,0.5,0.40,1.20,no
USD/JPY,summer,67,16:45,7335,0.20,0.3219,0.5,0.40,1.20,no
USD/JPY,summer,68,17:00,7335,0.20,0.3298,0.5,0.40,1.20,no
USD/JPY,summer,69,17:15,7335,0.20,0.3295,0.5,0.40,1.20,no
USD/JPY,summer,70,17:30,7335,0.20,0.3270,0.5,0.40,1.20,no
USD/JPY,summer,71,17:45,7335,0.20,0.3264,0.5,0.40,1.20,no
USD/JPY,summer,72,18:00,7335,0.20,0.3337,0.5,0.40,1.20,no
USD/JPY,summer,73,18:15,7335,0.20,0.3199,0.5,0.40,1.20,no
USD/JPY,summer,74,18:30,7335,0.20,0.3234,0.5,0.40,1.20,no
USD/JPY,summer,75,18:45,7335,0.20,0.3219,0.5,0.40,1.20,no
USD/JPY,summer,76,19:00,7335,0.20,0.3184,0.5,0.40,1.20,no
USD/JPY,summer,77,19:15,7335,0.20,0.3141,0.5,0.40,1.20,no
USD/JPY,summer,78,19:30,7335,0.20,0.3154,0.5,0.40,1.20,no
USD/JPY,summer,79,19:45,7335,0.20,0.3171,0.5,0.40,1.20,no
USD/JPY,summer,80,20:00,7349,0.50,4.5990,12.7,0.40,1.20,no
USD/JPY,summer,81,20:15,7350,0.50,4.6013,12.7,0.40,1.20,no
USD/JPY,summer,82,20:30,7350,8.90,6.8250,12.7,0.40,1.20,yes
USD/JPY,summer,83,20:45,7350,10.10,10.7451,12.8,0.40,1.20,yes
USD/JPY,summer,84,21:00,5880,10.10,10.9357,13.8,0.40,1.20,yes
USD/JPY,summer,85,21:15,5877,10.10,10.8657,13.5,0.40,1.20,yes
USD/JPY,summer,86,21:30,5880,10.10,10.7919,13.2,0.40,1.20,yes
USD/JPY,summer,87,21:45,5880,10.10,10.7935,13.3,0.40,1.20,yes
USD/JPY,summer,88,22:00,7335,10.00,9.9907,12.8,0.40,1.20,yes
USD/JPY,summer,89,22:15,7335,9.10,8.4409,12.8,0.40,1.20,yes
USD/JPY,summer,90,22:30,7335,9.10,8.4382,12.7,0.40,1.20,yes
USD/JPY,summer,91,22:45,7335,9.10,8.4436,12.7,0.40,1.20,yes
USD/JPY,summer,92,23:00,7335,1.40,2.9474,9.1,0.40,1.20,yes
USD/JPY,summer,93,23:15,7335,1.40,2.9199,9.1,0.40,1.20,yes
USD/JPY,summer,94,23:30,7335,1.40,2.9230,9.0,0.40,1.20,yes
USD/JPY,summer,95,23:45,7335,1.40,2.9355,9.1,0.40,1.20,yes
USD/JPY,winter,0,00:00,3375,0.40,0.3811,0.5,0.40,1.20,no
USD/JPY,winter,1,00:15,3375,0.40,0.3602,0.5,0.40,1.20,no
USD/JPY,winter,2,00:30,3375,0.40,0.3585,0.5,0.40,1.20,no
USD/JPY,winter,3,00:45,3375,0.50,0.3935,0.5,0.40,1.20,no
USD/JPY,winter,4,01:00,3375,0.40,0.3744,0.5,0.40,1.20,no
USD/JPY,winter,5,01:15,3375,0.40,0.3618,0.5,0.40,1.20,no
USD/JPY,winter,6,01:30,3375,0.40,0.3636,0.5,0.40,1.20,no
USD/JPY,winter,7,01:45,3375,0.30,0.3526,0.5,0.40,1.20,no
USD/JPY,winter,8,02:00,3375,0.30,0.3506,0.5,0.40,1.20,no
USD/JPY,winter,9,02:15,3375,0.30,0.3412,0.5,0.40,1.20,no
USD/JPY,winter,10,02:30,3375,0.30,0.3430,0.5,0.40,1.20,no
USD/JPY,winter,11,02:45,3375,0.20,0.3359,0.5,0.40,1.20,no
USD/JPY,winter,12,03:00,3375,0.30,0.3413,0.5,0.40,1.20,no
USD/JPY,winter,13,03:15,3375,0.20,0.3344,0.5,0.40,1.20,no
USD/JPY,winter,14,03:30,3375,0.20,0.3391,0.5,0.40,1.20,no
USD/JPY,winter,15,03:45,3375,0.20,0.3316,0.5,0.40,1.20,no
USD/JPY,winter,16,04:00,3375,0.20,0.3294,0.5,0.40,1.20,no
USD/JPY,winter,17,04:15,3375,0.20,0.3280,0.5,0.40,1.20,no
USD/JPY,winter,18,04:30,3375,0.20,0.3269,0.5,0.40,1.20,no
USD/JPY,winter,19,04:45,3375,0.20,0.3263,0.5,0.40,1.20,no
USD/JPY,winter,20,05:00,3375,0.20,0.3317,0.5,0.40,1.20,no
USD/JPY,winter,21,05:15,3375,0.20,0.3302,0.5,0.40,1.20,no
USD/JPY,winter,22,05:30,3375,0.20,0.3345,0.5,0.40,1.20,no
USD/JPY,winter,23,05:45,3375,0.20,0.3316,0.5,0.40,1.20,no
USD/JPY,winter,24,06:00,3375,0.30,0.3425,0.5,0.40,1.20,no
USD/JPY,winter,25,06:15,3375,0.20,0.3371,0.5,0.40,1.20,no
USD/JPY,winter,26,06:30,3375,0.30,0.3500,0.5,0.40,1.20,no
USD/JPY,winter,27,06:45,3375,0.30,0.3468,0.5,0.40,1.20,no
USD/JPY,winter,28,07:00,3375,0.40,0.3643,0.5,0.40,1.20,no
USD/JPY,winter,29,07:15,3375,0.30,0.3514,0.5,0.40,1.20,no
USD/JPY,winter,30,07:30,3375,0.40,0.3595,0.5,0.40,1.20,no
USD/JPY,winter,31,07:45,3375,0.30,0.3570,0.5,0.40,1.20,no
USD/JPY,winter,32,08:00,3375,0.40,0.3730,0.5,0.40,1.20,no
USD/JPY,winter,33,08:15,3375,0.40,0.3608,0.5,0.40,1.20,no
USD/JPY,winter,34,08:30,3375,0.40,0.3650,0.5,0.40,1.20,no
USD/JPY,winter,35,08:45,3375,0.30,0.3467,0.5,0.40,1.20,no
USD/JPY,winter,36,09:00,3375,0.30,0.3608,0.5,0.40,1.20,no
USD/JPY,winter,37,09:15,3375,0.30,0.3531,0.5,0.40,1.20,no
USD/JPY,winter,38,09:30,3375,0.30,0.3497,0.5,0.40,1.20,no
USD/JPY,winter,39,09:45,3375,0.30,0.3420,0.5,0.40,1.20,no
USD/JPY,winter,40,10:00,3375,0.30,0.3443,0.5,0.40,1.20,no
USD/JPY,winter,41,10:15,3375,0.20,0.3364,0.5,0.40,1.20,no
USD/JPY,winter,42,10:30,3375,0.20,0.3356,0.5,0.40,1.20,no
USD/JPY,winter,43,10:45,3375,0.20,0.3329,0.5,0.40,1.20,no
USD/JPY,winter,44,11:00,3375,0.20,0.3333,0.5,0.40,1.20,no
USD/JPY,winter,45,11:15,3375,0.20,0.3304,0.5,0.40,1.20,no
USD/JPY,winter,46,11:30,3375,0.20,0.3316,0.5,0.40,1.20,no
USD/JPY,winter,47,11:45,3375,0.20,0.3317,0.5,0.40,1.20,no
USD/JPY,winter,48,12:00,3375,0.30,0.3385,0.5,0.40,1.20,no
USD/JPY,winter,49,12:15,3375,0.30,0.3356,0.5,0.40,1.20,no
USD/JPY,winter,50,12:30,3375,0.30,0.3385,0.5,0.40,1.20,no
USD/JPY,winter,51,12:45,3375,0.30,0.3384,0.5,0.40,1.20,no
USD/JPY,winter,52,13:00,3375,0.30,0.3547,0.5,0.40,1.20,no
USD/JPY,winter,53,13:15,3375,0.40,0.3692,0.5,0.40,1.20,no
USD/JPY,winter,54,13:30,3375,0.50,0.4723,0.7,0.40,1.20,no
USD/JPY,winter,55,13:45,3375,0.50,0.3987,0.5,0.40,1.20,no
USD/JPY,winter,56,14:00,3375,0.40,0.3956,0.5,0.40,1.20,no
USD/JPY,winter,57,14:15,3375,0.40,0.3788,0.5,0.40,1.20,no
USD/JPY,winter,58,14:30,3375,0.50,0.4047,0.5,0.40,1.20,no
USD/JPY,winter,59,14:45,3375,0.50,0.3965,0.5,0.40,1.20,no
USD/JPY,winter,60,15:00,3375,0.50,0.4393,0.6,0.40,1.20,no
USD/JPY,winter,61,15:15,3375,0.50,0.3988,0.5,0.40,1.20,no
USD/JPY,winter,62,15:30,3375,0.50,0.3965,0.5,0.40,1.20,no
USD/JPY,winter,63,15:45,3375,0.40,0.3858,0.5,0.40,1.20,no
USD/JPY,winter,64,16:00,3375,0.40,0.3816,0.5,0.40,1.20,no
USD/JPY,winter,65,16:15,3375,0.40,0.3607,0.5,0.40,1.20,no
USD/JPY,winter,66,16:30,3375,0.30,0.3546,0.5,0.40,1.20,no
USD/JPY,winter,67,16:45,3375,0.30,0.3475,0.5,0.40,1.20,no
USD/JPY,winter,68,17:00,3375,0.30,0.3505,0.5,0.40,1.20,no
USD/JPY,winter,69,17:15,3375,0.30,0.3453,0.5,0.40,1.20,no
USD/JPY,winter,70,17:30,3375,0.30,0.3427,0.5,0.40,1.20,no
USD/JPY,winter,71,17:45,3375,0.20,0.3336,0.5,0.40,1.20,no
USD/JPY,winter,72,18:00,3375,0.20,0.3394,0.5,0.40,1.20,no
USD/JPY,winter,73,18:15,3375,0.20,0.3297,0.5,0.40,1.20,no
USD/JPY,winter,74,18:30,3375,0.20,0.3282,0.5,0.40,1.20,no
USD/JPY,winter,75,18:45,3375,0.20,0.3265,0.5,0.40,1.20,no
USD/JPY,winter,76,19:00,3375,0.20,0.3434,0.5,0.40,1.20,no
USD/JPY,winter,77,19:15,3375,0.20,0.3282,0.5,0.40,1.20,no
USD/JPY,winter,78,19:30,3375,0.20,0.3391,0.5,0.40,1.20,no
USD/JPY,winter,79,19:45,3375,0.20,0.3307,0.5,0.40,1.20,no
USD/JPY,winter,80,20:00,3375,0.50,5.1009,21.1,0.40,1.20,no
USD/JPY,winter,81,20:15,3375,0.50,5.0917,21.1,0.40,1.20,no
USD/JPY,winter,82,20:30,3375,18.40,12.3423,21.1,0.40,1.20,yes
USD/JPY,winter,83,20:45,3375,19.10,19.9110,22.3,0.40,1.20,yes
USD/JPY,winter,84,21:00,2625,19.20,19.9149,21.3,0.40,1.20,yes
USD/JPY,winter,85,21:15,2625,19.20,19.9122,21.3,0.40,1.20,yes
USD/JPY,winter,86,21:30,2625,19.10,19.9147,21.3,0.40,1.20,yes
USD/JPY,winter,87,21:45,2625,19.20,19.9388,21.9,0.40,1.20,yes
USD/JPY,winter,88,22:00,3375,19.10,20.1884,22.4,0.40,1.20,yes
USD/JPY,winter,89,22:15,3375,19.10,20.1406,22.4,0.40,1.20,yes
USD/JPY,winter,90,22:30,3375,19.10,20.1007,22.4,0.40,1.20,yes
USD/JPY,winter,91,22:45,3375,19.10,18.2323,22.4,0.40,1.20,yes
USD/JPY,winter,92,23:00,3375,18.00,10.2188,19.3,0.40,1.20,yes
USD/JPY,winter,93,23:15,3375,3.00,5.8102,18.9,0.40,1.20,yes
USD/JPY,winter,94,23:30,3375,3.00,5.8166,18.9,0.40,1.20,yes
USD/JPY,winter,95,23:45,3375,3.00,5.8248,19.0,0.40,1.20,yes
EUR/JPY,summer,0,00:00,7350,0.50,0.5601,0.9,0.50,1.50,no
EUR/JPY,summer,1,00:15,7350,0.50,0.5039,0.7,0.50,1.50,no
EUR/JPY,summer,2,00:30,7350,0.50,0.5079,0.7,0.50,1.50,no
EUR/JPY,summer,3,00:45,7350,0.50,0.5775,0.9,0.50,1.50,no
EUR/JPY,summer,4,01:00,7350,0.50,0.5358,0.8,0.50,1.50,no
EUR/JPY,summer,5,01:15,7350,0.50,0.5028,0.7,0.50,1.50,no
EUR/JPY,summer,6,01:30,7350,0.50,0.5026,0.7,0.50,1.50,no
EUR/JPY,summer,7,01:45,7350,0.50,0.4856,0.6,0.50,1.50,no
EUR/JPY,summer,8,02:00,7350,0.50,0.4866,0.6,0.50,1.50,no
EUR/JPY,summer,9,02:15,7350,0.40,0.4697,0.6,0.50,1.50,no
EUR/JPY,summer,10,02:30,7350,0.40,0.4608,0.6,0.50,1.50,no
EUR/JPY,summer,11,02:45,7350,0.40,0.4570,0.6,0.50,1.50,no
EUR/JPY,summer,12,03:00,7337,0.40,0.4611,0.6,0.50,1.50,no
EUR/JPY,summer,13,03:15,7335,0.40,0.4552,0.6,0.50,1.50,no
EUR/JPY,summer,14,03:30,7335,0.40,0.4611,0.6,0.50,1.50,no
EUR/JPY,summer,15,03:45,7335,0.40,0.4620,0.6,0.50,1.50,no
EUR/JPY,summer,16,04:00,7335,0.40,0.4636,0.6,0.50,1.50,no
EUR/JPY,summer,17,04:15,7344,0.40,0.4588,0.6,0.50,1.50,no
EUR/JPY,summer,18,04:30,7350,0.40,0.4714,0.6,0.50,1.50,no
EUR/JPY,summer,19,04:45,7350,0.40,0.4621,0.6,0.50,1.50,no
EUR/JPY,summer,20,05:00,7350,0.40,0.4666,0.6,0.50,1.50,no
EUR/JPY,summer,21,05:15,7350,0.40,0.4610,0.6,0.50,1.50,no
EUR/JPY,summer,22,05:30,7350,0.40,0.4656,0.6,0.50,1.50,no
EUR/JPY,summer,23,05:45,7350,0.50,0.4829,0.6,0.50,1.50,no
EUR/JPY,summer,24,06:00,7350,0.50,0.5220,0.8,0.50,1.50,no
EUR/JPY,summer,25,06:15,7350,0.50,0.5085,0.7,0.50,1.50,no
EUR/JPY,summer,26,06:30,7350,0.50,0.5235,0.8,0.50,1.50,no
EUR/JPY,summer,27,06:45,7350,0.50,0.5275,0.8,0.50,1.50,no
EUR/JPY,summer,28,07:00,7350,0.50,0.5763,0.9,0.50,1.50,no
EUR/JPY,summer,29,07:15,7350,0.50,0.5379,0.8,0.50,1.50,no
EUR/JPY,summer,30,07:30,7350,0.50,0.5434,0.8,0.50,1.50,no
EUR/JPY,summer,31,07:45,7350,0.50,0.5364,0.8,0.50,1.50,no
EUR/JPY,summer,32,08:00,7350,0.50,0.5625,0.8,0.50,1.50,no
EUR/JPY,summer,33,08:15,7350,0.50,0.5267,0.8,0.50,1.50,no
EUR/JPY,summer,34,08:30,7350,0.50,0.5199,0.7,0.50,1.50,no
EUR/JPY,summer,35,08:45,7350,0.50,0.5126,0.7,0.50,1.50,no
EUR/JPY,summer,36,09:00,7350,0.50,0.5148,0.7,0.50,1.50,no
EUR/JPY,summer,37,09:15,7350,0.50,0.5021,0.7,0.50,1.50,no
EUR/JPY,summer,38,09:30,7350,0.50,0.4934,0.6,0.50,1.50,no
EUR/JPY,summer,39,09:45,7350,0.50,0.4860,0.6,0.50,1.50,no
EUR/JPY,summer,40,10:00,7350,0.50,0.4955,0.6,0.50,1.50,no
EUR/JPY,summer,41,10:15,7350,0.40,0.4826,0.6,0.50,1.50,no
EUR/JPY,summer,42,10:30,7350,0.40,0.4924,0.6,0.50,1.50,no
EUR/JPY,summer,43,10:45,7350,0.40,0.4851,0.6,0.50,1.50,no
EUR/JPY,summer,44,11:00,7350,0.50,0.5035,0.6,0.50,1.50,no
EUR/JPY,summer,45,11:15,7350,0.40,0.4940,0.6,0.50,1.50,no
EUR/JPY,summer,46,11:30,7350,0.40,0.4935,0.6,0.50,1.50,no
EUR/JPY,summer,47,11:45,7350,0.50,0.5031,0.6,0.50,1.50,no
EUR/JPY,summer,48,12:00,7350,0.50,0.5183,0.7,0.50,1.50,no
EUR/JPY,summer,49,12:15,7350,0.50,0.5596,0.8,0.50,1.50,no
EUR/JPY,summer,50,12:30,7350,0.50,0.6611,1.1,0.50,1.50,no
EUR/JPY,summer,51,12:45,7350,0.50,0.5761,0.8,0.50,1.50,no
EUR/JPY,summer,52,13:00,7350,0.50,0.5735,0.9,0.50,1.50,no
EUR/JPY,summer,53,13:15,7350,0.50,0.5499,0.8,0.50,1.50,no
EUR/JPY,summer,54,13:30,7350,0.50,0.6040,0.9,0.50,1.50,no
EUR/JPY,summer,55,13:45,7350,0.50,0.6204,1.0,0.50,1.50,no
EUR/JPY,summer,56,14:00,7350,0.50,0.6397,1.0,0.50,1.50,no
EUR/JPY,summer,57,14:15,7350,0.50,0.5709,0.8,0.50,1.50,no
EUR/JPY,summer,58,14:30,7350,0.50,0.5615,0.8,0.50,1.50,no
EUR/JPY,summer,59,14:45,7350,0.50,0.5839,0.9,0.50,1.50,no
EUR/JPY,summer,60,15:00,7350,0.50,0.5558,0.8,0.50,1.50,no
EUR/JPY,summer,61,15:15,7350,0.50,0.5164,0.7,0.50,1.50,no
EUR/JPY,summer,62,15:30,7350,0.50,0.5062,0.7,0.50,1.50,no
EUR/JPY,summer,63,15:45,7350,0.50,0.5012,0.7,0.50,1.50,no
EUR/JPY,summer,64,16:00,7350,0.50,0.4890,0.6,0.50,1.50,no
EUR/JPY,summer,65,16:15,7350,0.40,0.4812,0.6,0.50,1.50,no
EUR/JPY,summer,66,16:30,7350,0.40,0.4788,0.6,0.50,1.50,no
EUR/JPY,summer,67,16:45,7350,0.40,0.4665,0.6,0.50,1.50,no
EUR/JPY,summer,68,17:00,7350,0.40,0.4767,0.6,0.50,1.50,no
EUR/JPY,summer,69,17:15,7350,0.40,0.4774,0.6,0.50,1.50,no
EUR/JPY,summer,70,17:30,7350,0.40,0.4759,0.6,0.50,1.50,no
EUR/JPY,summer,71,17:45,7350,0.40,0.4741,0.6,0.50,1.50,no
EUR/JPY,summer,72,18:00,7350,0.40,0.4835,0.6,0.50,1.50,no
EUR/JPY,summer,73,18:15,7350,0.40,0.4615,0.6,0.50,1.50,no
EUR/JPY,summer,74,18:30,7350,0.40,0.4664,0.6,0.50,1.50,no
EUR/JPY,summer,75,18:45,7350,0.40,0.4689,0.6,0.50,1.50,no
EUR/JPY,summer,76,19:00,7350,0.40,0.4643,0.6,0.50,1.50,no
EUR/JPY,summer,77,19:15,7350,0.40,0.4554,0.6,0.50,1.50,no
EUR/JPY,summer,78,19:30,7350,0.40,0.4596,0.6,0.50,1.50,no
EUR/JPY,summer,79,19:45,7350,0.40,0.4647,0.6,0.50,1.50,no
EUR/JPY,summer,80,20:00,7350,0.50,3.9557,10.5,0.50,1.50,no
EUR/JPY,summer,81,20:15,7350,0.50,3.9556,10.5,0.50,1.50,no
EUR/JPY,summer,82,20:30,7350,10.00,6.4626,10.7,0.50,1.50,yes
EUR/JPY,summer,83,20:45,7350,10.90,11.1175,11.7,0.50,1.50,yes
EUR/JPY,summer,84,21:00,5895,11.60,11.6272,12.8,0.50,1.50,yes
EUR/JPY,summer,85,21:15,5895,11.50,11.5084,12.4,0.50,1.50,yes
EUR/JPY,summer,86,21:30,5895,11.50,11.3754,12.0,0.50,1.50,yes
EUR/JPY,summer,87,21:45,5895,11.40,11.3202,12.0,0.50,1.50,yes
EUR/JPY,summer,88,22:00,7350,10.70,10.3737,11.7,0.50,1.50,yes
EUR/JPY,summer,89,22:15,7350,10.20,8.7901,11.2,0.50,1.50,yes
EUR/JPY,summer,90,22:30,7350,10.20,8.7636,11.1,0.50,1.50,yes
EUR/JPY,summer,91,22:45,7350,10.10,8.7601,11.1,0.50,1.50,yes
EUR/JPY,summer,92,23:00,7350,2.70,3.8727,10.6,0.50,1.50,yes
EUR/JPY,summer,93,23:15,7350,2.70,3.8513,10.6,0.50,1.50,yes
EUR/JPY,summer,94,23:30,7350,2.70,3.8569,10.6,0.50,1.50,yes
EUR/JPY,summer,95,23:45,7350,2.70,3.8827,10.6,0.50,1.50,yes
EUR/JPY,winter,0,00:00,3375,0.50,0.6416,1.0,0.50,1.50,no
EUR/JPY,winter,1,00:15,3375,0.50,0.5815,0.9,0.50,1.50,no
EUR/JPY,winter,2,00:30,3375,0.50,0.5685,0.8,0.50,1.50,no
EUR/JPY,winter,3,00:45,3375,0.50,0.6551,1.1,0.50,1.50,no
EUR/JPY,winter,4,01:00,3375,0.50,0.6171,0.9,0.50,1.50,no
EUR/JPY,winter,5,01:15,3375,0.50,0.5780,0.8,0.50,1.50,no
EUR/JPY,winter,6,01:30,3375,0.50,0.5835,0.9,0.50,1.50,no
EUR/JPY,winter,7,01:45,3375,0.50,0.5597,0.8,0.50,1.50,no
EUR/JPY,winter,8,02:00,3375,0.50,0.5604,0.8,0.50,1.50,no
EUR/JPY,winter,9,02:15,3375,0.50,0.5349,0.8,0.50,1.50,no
EUR/JPY,winter,10,02:30,3375,0.50,0.5404,0.8,0.50,1.50,no
EUR/JPY,winter,11,02:45,3375,0.50,0.5271,0.8,0.50,1.50,no
EUR/JPY,winter,12,03:00,3375,0.50,0.5328,0.8,0.50,1.50,no
EUR/JPY,winter,13,03:15,3375,0.50,0.5203,0.8,0.50,1.50,no
EUR/JPY,winter,14,03:30,3375,0.50,0.5302,0.8,0.50,1.50,no
EUR/JPY,winter,15,03:45,3375,0.50,0.5139,0.8,0.50,1.50,no
EUR/JPY,winter,16,04:00,3375,0.50,0.5164,0.8,0.50,1.50,no
EUR/JPY,winter,17,04:15,3375,0.50,0.5140,0.8,0.50,1.50,no
EUR/JPY,winter,18,04:30,3375,0.50,0.5071,0.8,0.50,1.50,no
EUR/JPY,winter,19,04:45,3375,0.50,0.5010,0.8,0.50,1.50,no
EUR/JPY,winter,20,05:00,3375,0.50,0.5227,0.8,0.50,1.50,no
EUR/JPY,winter,21,05:15,3375,0.50,0.5191,0.8,0.50,1.50,no
EUR/JPY,winter,22,05:30,3375,0.50,0.5207,0.8,0.50,1.50,no
EUR/JPY,winter,23,05:45,3375,0.50,0.5195,0.8,0.50,1.50,no
EUR/JPY,winter,24,06:00,3375,0.50,0.5458,0.8,0.50,1.50,no
EUR/JPY,winter,25,06:15,3375,0.50,0.5284,0.8,0.50,1.50,no
EUR/JPY,winter,26,06:30,3375,0.50,0.5505,0.8,0.50,1.50,no
EUR/JPY,winter,27,06:45,3375,0.50,0.5481,0.8,0.50,1.50,no
EUR/JPY,winter,28,07:00,3375,0.50,0.6040,0.9,0.50,1.50,no
EUR/JPY,winter,29,07:15,3375,0.50,0.5712,0.8,0.50,1.50,no
EUR/JPY,winter,30,07:30,3375,0.50,0.6013,0.9,0.50,1.50,no
EUR/JPY,winter,31,07:45,3375,0.50,0.6028,0.9,0.50,1.50,no
EUR/JPY,winter,32,08:00,3375,0.60,0.6757,1.1,0.50,1.50,no
EUR/JPY,winter,33,08:15,3375,0.50,0.6244,1.0,0.50,1.50,no
EUR/JPY,winter,34,08:30,3375,0.50,0.6362,1.0,0.50,1.50,no
EUR/JPY,winter,35,08:45,3375,0.50,0.5895,0.9,0.50,1.50,no
EUR/JPY,winter,36,09:00,3375,0.50,0.6357,1.0,0.50,1.50,no
EUR/JPY,winter,37,09:15,3375,0.50,0.6036,0.9,0.50,1.50,no
EUR/JPY,winter,38,09:30,3375,0.50,0.5903,0.9,0.50,1.50,no
EUR/JPY,winter,39,09:45,3375,0.50,0.5776,0.8,0.50,1.50,no
EUR/JPY,winter,40,10:00,3375,0.50,0.5847,0.9,0.50,1.50,no
EUR/JPY,winter,41,10:15,3375,0.50,0.5454,0.8,0.50,1.50,no
EUR/JPY,winter,42,10:30,3375,0.50,0.5475,0.8,0.50,1.50,no
EUR/JPY,winter,43,10:45,3375,0.50,0.5405,0.8,0.50,1.50,no
EUR/JPY,winter,44,11:00,3375,0.50,0.5452,0.8,0.50,1.50,no
EUR/JPY,winter,45,11:15,3375,0.50,0.5277,0.8,0.50,1.50,no
EUR/JPY,winter,46,11:30,3375,0.50,0.5328,0.8,0.50,1.50,no
EUR/JPY,winter,47,11:45,3375,0.50,0.5322,0.8,0.50,1.50,no
EUR/JPY,winter,48,12:00,3375,0.50,0.5573,0.8,0.50,1.50,no
EUR/JPY,winter,49,12:15,3375,0.50,0.5354,0.8,0.50,1.50,no
EUR/JPY,winter,50,12:30,3375,0.50,0.5505,0.8,0.50,1.50,no
EUR/JPY,winter,51,12:45,3375,0.50,0.5538,0.8,0.50,1.50,no
EUR/JPY,winter,52,13:00,3375,0.50,0.5847,0.8,0.50,1.50,no
EUR/JPY,winter,53,13:15,3375,0.50,0.6226,0.9,0.50,1.50,no
EUR/JPY,winter,54,13:30,3375,0.50,0.7562,1.3,0.50,1.50,no
EUR/JPY,winter,55,13:45,3375,0.50,0.6500,1.0,0.50,1.50,no
EUR/JPY,winter,56,14:00,3375,0.50,0.6553,1.0,0.50,1.50,no
EUR/JPY,winter,57,14:15,3375,0.50,0.6180,1.0,0.50,1.50,no
EUR/JPY,winter,58,14:30,3375,0.60,0.6780,1.1,0.50,1.50,no
EUR/JPY,winter,59,14:45,3375,0.60,0.6859,1.1,0.50,1.50,no
EUR/JPY,winter,60,15:00,3375,0.60,0.7474,1.2,0.50,1.50,no
EUR/JPY,winter,61,15:15,3375,0.50,0.6635,1.1,0.50,1.50,no
EUR/JPY,winter,62,15:30,3375,0.50,0.6597,1.0,0.50,1.50,no
EUR/JPY,winter,63,15:45,3375,0.60,0.6775,1.1,0.50,1.50,no
EUR/JPY,winter,64,16:00,3375,0.50,0.6369,1.0,0.50,1.50,no
EUR/JPY,winter,65,16:15,3375,0.50,0.5855,0.9,0.50,1.50,no
EUR/JPY,winter,66,16:30,3375,0.50,0.5734,0.8,0.50,1.50,no
EUR/JPY,winter,67,16:45,3375,0.50,0.5517,0.8,0.50,1.50,no
EUR/JPY,winter,68,17:00,3375,0.50,0.5600,0.8,0.50,1.50,no
EUR/JPY,winter,69,17:15,3375,0.50,0.5515,0.8,0.50,1.50,no
EUR/JPY,winter,70,17:30,3375,0.50,0.5395,0.8,0.50,1.50,no
EUR/JPY,winter,71,17:45,3375,0.50,0.5225,0.8,0.50,1.50,no
EUR/JPY,winter,72,18:00,3375,0.50,0.5207,0.8,0.50,1.50,no
EUR/JPY,winter,73,18:15,3375,0.50,0.5092,0.8,0.50,1.50,no
EUR/JPY,winter,74,18:30,3375,0.50,0.5112,0.8,0.50,1.50,no
EUR/JPY,winter,75,18:45,3375,0.50,0.5121,0.8,0.50,1.50,no
EUR/JPY,winter,76,19:00,3375,0.50,0.5277,0.8,0.50,1.50,no
EUR/JPY,winter,77,19:15,3375,0.50,0.4999,0.8,0.50,1.50,no
EUR/JPY,winter,78,19:30,3375,0.50,0.5121,0.8,0.50,1.50,no
EUR/JPY,winter,79,19:45,3375,0.50,0.5079,0.8,0.50,1.50,no
EUR/JPY,winter,80,20:00,3375,0.50,4.1841,16.5,0.50,1.50,no
EUR/JPY,winter,81,20:15,3375,0.50,4.1668,16.5,0.50,1.50,no
EUR/JPY,winter,82,20:30,3375,16.30,10.4759,16.7,0.50,1.50,yes
EUR/JPY,winter,83,20:45,3375,16.30,15.0580,16.8,0.50,1.50,yes
EUR/JPY,winter,84,21:00,2625,16.30,15.0621,16.8,0.50,1.50,yes
EUR/JPY,winter,85,21:15,2625,16.30,15.0518,16.7,0.50,1.50,yes
EUR/JPY,winter,86,21:30,2625,16.30,15.0637,16.8,0.50,1.50,yes
EUR/JPY,winter,87,21:45,2625,16.40,15.2293,17.0,0.50,1.50,yes
EUR/JPY,winter,88,22:00,3375,16.40,16.2701,21.6,0.50,1.50,yes
EUR/JPY,winter,89,22:15,3375,16.40,16.0912,21.1,0.50,1.50,yes
EUR/JPY,winter,90,22:30,3375,16.40,15.8754,20.1,0.50,1.50,yes
EUR/JPY,winter,91,22:45,3375,16.00,14.1547,19.2,0.50,1.50,yes
EUR/JPY,winter,92,23:00,3375,11.10,8.1487,16.7,0.50,1.50,yes
EUR/JPY,winter,93,23:15,3375,4.90,6.1361,16.6,0.50,1.50,yes
EUR/JPY,winter,94,23:30,3375,4.90,6.1380,16.6,0.50,1.50,yes
EUR/JPY,winter,95,23:45,3375,4.90,6.1669,16.7,0.50,1.50,yes
AUD/JPY,summer,0,00:00,7335,0.60,0.6020,0.7,0.70,2.10,no
AUD/JPY,summer,1,00:15,7335,0.50,0.5684,0.7,0.70,2.10,no
AUD/JPY,summer,2,00:30,7335,0.50,0.5709,0.7,0.70,2.10,no
AUD/JPY,summer,3,00:45,7335,0.60,0.6025,0.7,0.70,2.10,no
AUD/JPY,summer,4,01:00,7335,0.50,0.5936,0.7,0.70,2.10,no
AUD/JPY,summer,5,01:15,7335,0.50,0.5836,0.7,0.70,2.10,no
AUD/JPY,summer,6,01:30,7335,0.60,0.5996,0.7,0.70,2.10,no
AUD/JPY,summer,7,01:45,7335,0.50,0.5717,0.7,0.70,2.10,no
AUD/JPY,summer,8,02:00,7335,0.50,0.5727,0.7,0.70,2.10,no
AUD/JPY,summer,9,02:15,7335,0.50,0.5555,0.7,0.70,2.10,no
AUD/JPY,summer,10,02:30,7335,0.50,0.5512,0.7,0.70,2.10,no
AUD/JPY,summer,11,02:45,7335,0.50,0.5495,0.7,0.70,2.10,no
AUD/JPY,summer,12,03:00,7322,0.50,0.5491,0.7,0.70,2.10,no
AUD/JPY,summer,13,03:15,7320,0.50,0.5481,0.7,0.70,2.10,no
AUD/JPY,summer,14,03:30,7320,0.50,0.5475,0.7,0.70,2.10,no
AUD/JPY,summer,15,03:45,7320,0.50,0.5441,0.7,0.70,2.10,no
AUD/JPY,summer,16,04:00,7320,0.50,0.5451,0.7,0.70,2.10,no
AUD/JPY,summer,17,04:15,7329,0.50,0.5432,0.7,0.70,2.10,no
AUD/JPY,summer,18,04:30,7335,0.50,0.5536,0.7,0.70,2.10,no
AUD/JPY,summer,19,04:45,7335,0.50,0.5421,0.7,0.70,2.10,no
AUD/JPY,summer,20,05:00,7335,0.50,0.5515,0.7,0.70,2.10,no
AUD/JPY,summer,21,05:15,7335,0.50,0.5453,0.7,0.70,2.10,no
AUD/JPY,summer,22,05:30,7335,0.50,0.5523,0.7,0.70,2.10,no
AUD/JPY,summer,23,05:45,7335,0.50,0.5580,0.7,0.70,2.10,no
AUD/JPY,summer,24,06:00,7335,0.50,0.5784,0.7,0.70,2.10,no
AUD/JPY,summer,25,06:15,7335,0.50,0.5658,0.7,0.70,2.10,no
AUD/JPY,summer,26,06:30,7335,0.50,0.5678,0.7,0.70,2.10,no
AUD/JPY,summer,27,06:45,7335,0.50,0.5687,0.7,0.70,2.10,no
AUD/JPY,summer,28,07:00,7335,0.50,0.5930,0.7,0.70,2.10,no
AUD/JPY,summer,29,07:15,7335,0.50,0.5777,0.7,0.70,2.10,no
AUD/JPY,summer,30,07:30,7335,0.50,0.5743,0.7,0.70,2.10,no
AUD/JPY,summer,31,07:45,7335,0.50,0.5686,0.7,0.70,2.10,no
AUD/JPY,summer,32,08:00,7335,0.50,0.5864,0.7,0.70,2.10,no
AUD/JPY,summer,33,08:15,7335,0.50,0.5677,0.7,0.70,2.10,no
AUD/JPY,summer,34,08:30,7335,0.50,0.5594,0.7,0.70,2.10,no
AUD/JPY,summer,35,08:45,7335,0.50,0.5535,0.7,0.70,2.10,no
AUD/JPY,summer,36,09:00,7335,0.50,0.5556,0.7,0.70,2.10,no
AUD/JPY,summer,37,09:15,7335,0.50,0.5473,0.7,0.70,2.10,no
AUD/JPY,summer,38,09:30,7335,0.50,0.5460,0.7,0.70,2.10,no
AUD/JPY,summer,39,09:45,7335,0.50,0.5397,0.7,0.70,2.10,no
AUD/JPY,summer,40,10:00,7335,0.50,0.5474,0.7,0.70,2.10,no
AUD/JPY,summer,41,10:15,7335,0.50,0.5426,0.7,0.70,2.10,no
AUD/JPY,summer,42,10:30,7335,0.50,0.5438,0.7,0.70,2.10,no
AUD/JPY,summer,43,10:45,7335,0.50,0.5457,0.7,0.70,2.10,no
AUD/JPY,summer,44,11:00,7335,0.50,0.5574,0.7,0.70,2.10,no
AUD/JPY,summer,45,11:15,7335,0.50,0.5524,0.7,0.70,2.10,no
AUD/JPY,summer,46,11:30,7335,0.50,0.5498,0.7,0.70,2.10,no
AUD/JPY,summer,47,11:45,7335,0.50,0.5537,0.7,0.70,2.10,no
AUD/JPY,summer,48,12:00,7335,0.50,0.5635,0.7,0.70,2.10,no
AUD/JPY,summer,49,12:15,7335,0.50,0.5974,0.7,0.70,2.10,no
AUD/JPY,summer,50,12:30,7335,0.60,0.6541,0.8,0.70,2.10,no
AUD/JPY,summer,51,12:45,7335,0.50,0.5966,0.7,0.70,2.10,no
AUD/JPY,summer,52,13:00,7335,0.50,0.5963,0.7,0.70,2.10,no
AUD/JPY,summer,53,13:15,7335,0.50,0.5821,0.7,0.70,2.10,no
AUD/JPY,summer,54,13:30,7335,0.60,0.6353,0.8,0.70,2.10,no
AUD/JPY,summer,55,13:45,7335,0.60,0.6417,0.8,0.70,2.10,no
AUD/JPY,summer,56,14:00,7335,0.60,0.6530,0.8,0.70,2.10,no
AUD/JPY,summer,57,14:15,7335,0.60,0.6118,0.7,0.70,2.10,no
AUD/JPY,summer,58,14:30,7335,0.60,0.6056,0.7,0.70,2.10,no
AUD/JPY,summer,59,14:45,7335,0.60,0.6106,0.7,0.70,2.10,no
AUD/JPY,summer,60,15:00,7335,0.50,0.5933,0.7,0.70,2.10,no
AUD/JPY,summer,61,15:15,7335,0.50,0.5781,0.7,0.70,2.10,no
AUD/JPY,summer,62,15:30,7335,0.50,0.5742,0.7,0.70,2.10,no
AUD/JPY,summer,63,15:45,7335,0.50,0.5636,0.7,0.70,2.10,no
AUD/JPY,summer,64,16:00,7335,0.50,0.5597,0.7,0.70,2.10,no
AUD/JPY,summer,65,16:15,7335,0.50,0.5542,0.7,0.70,2.10,no
AUD/JPY,summer,66,16:30,7335,0.50,0.5583,0.7,0.70,2.10,no
AUD/JPY,summer,67,16:45,7335,0.50,0.5479,0.7,0.70,2.10,no
AUD/JPY,summer,68,17:00,7335,0.50,0.5574,0.7,0.70,2.10,no
AUD/JPY,summer,69,17:15,7335,0.50,0.5584,0.7,0.70,2.10,no
AUD/JPY,summer,70,17:30,7335,0.50,0.5557,0.7,0.70,2.10,no
AUD/JPY,summer,71,17:45,7335,0.50,0.5535,0.7,0.70,2.10,no
AUD/JPY,summer,72,18:00,7335,0.50,0.5620,0.7,0.70,2.10,no
AUD/JPY,summer,73,18:15,7335,0.50,0.5461,0.7,0.70,2.10,no
AUD/JPY,summer,74,18:30,7335,0.50,0.5517,0.7,0.70,2.10,no
AUD/JPY,summer,75,18:45,7335,0.50,0.5479,0.7,0.70,2.10,no
AUD/JPY,summer,76,19:00,7335,0.50,0.5461,0.7,0.70,2.10,no
AUD/JPY,summer,77,19:15,7335,0.50,0.5414,0.7,0.70,2.10,no
AUD/JPY,summer,78,19:30,7335,0.50,0.5438,0.7,0.70,2.10,no
AUD/JPY,summer,79,19:45,7335,0.50,0.5593,0.7,0.70,2.10,no
AUD/JPY,summer,80,20:00,7349,0.70,2.7402,6.6,0.70,2.10,no
AUD/JPY,summer,81,20:15,7350,0.70,2.7499,6.6,0.70,2.10,no
AUD/JPY,summer,82,20:30,7350,6.10,4.1697,6.7,0.70,2.10,yes
AUD/JPY,summer,83,20:45,7350,6.70,7.0419,7.6,0.70,2.10,yes
AUD/JPY,summer,84,21:00,5880,7.50,7.9211,10.3,0.70,2.10,yes
AUD/JPY,summer,85,21:15,5880,7.50,7.6451,9.4,0.70,2.10,yes
AUD/JPY,summer,86,21:30,5880,7.50,7.4125,8.6,0.70,2.10,yes
AUD/JPY,summer,87,21:45,5880,7.50,7.3691,8.5,0.70,2.10,yes
AUD/JPY,summer,88,22:00,7335,6.70,6.6646,7.5,0.70,2.10,yes
AUD/JPY,summer,89,22:15,7335,6.20,5.8621,7.1,0.70,2.10,yes
AUD/JPY,summer,90,22:30,7335,6.20,5.8330,7.0,0.70,2.10,yes
AUD/JPY,summer,91,22:45,7335,6.20,5.8301,6.9,0.70,2.10,yes
AUD/JPY,summer,92,23:00,7335,3.10,2.9568,6.2,0.70,2.10,yes
AUD/JPY,summer,93,23:15,7335,3.10,2.9379,6.2,0.70,2.10,yes
AUD/JPY,summer,94,23:30,7335,3.10,2.9420,6.2,0.70,2.10,yes
AUD/JPY,summer,95,23:45,7335,3.10,2.9603,6.2,0.70,2.10,yes
AUD/JPY,winter,0,00:00,3375,0.70,0.6676,1.0,0.70,2.10,no
AUD/JPY,winter,1,00:15,3375,0.70,0.6447,0.9,0.70,2.10,no
AUD/JPY,winter,2,00:30,3375,0.70,0.6498,1.0,0.70,2.10,no
AUD/JPY,winter,3,00:45,3375,0.70,0.6732,1.0,0.70,2.10,no
AUD/JPY,winter,4,01:00,3375,0.70,0.6671,1.0,0.70,2.10,no
AUD/JPY,winter,5,01:15,3375,0.70,0.6488,1.0,0.70,2.10,no
AUD/JPY,winter,6,01:30,3375,0.70,0.6575,1.0,0.70,2.10,no
AUD/JPY,winter,7,01:45,3375,0.70,0.6394,1.0,0.70,2.10,no
AUD/JPY,winter,8,02:00,3375,0.70,0.6421,1.0,0.70,2.10,no
AUD/JPY,winter,9,02:15,3375,0.70,0.6282,0.9,0.70,2.10,no
AUD/JPY,winter,10,02:30,3375,0.70,0.6259,0.9,0.70,2.10,no
AUD/JPY,winter,11,02:45,3375,0.70,0.6204,0.9,0.70,2.10,no
AUD/JPY,winter,12,03:00,3375,0.70,0.6209,0.9,0.70,2.10,no
AUD/JPY,winter,13,03:15,3375,0.70,0.6115,0.8,0.70,2.10,no
AUD/JPY,winter,14,03:30,3375,0.70,0.6257,0.9,0.70,2.10,no
AUD/JPY,winter,15,03:45,3375,0.70,0.6036,0.8,0.70,2.10,no
AUD/JPY,winter,16,04:00,3375,0.70,0.5998,0.8,0.70,2.10,no
AUD/JPY,winter,17,04:15,3375,0.70,0.5964,0.8,0.70,2.10,no
AUD/JPY,winter,18,04:30,3375,0.70,0.5954,0.8,0.70,2.10,no
AUD/JPY,winter,19,04:45,3375,0.70,0.5919,0.8,0.70,2.10,no
AUD/JPY,winter,20,05:00,3375,0.70,0.6078,0.8,0.70,2.10,no
AUD/JPY,winter,21,05:15,3375,0.70,0.6027,0.8,0.70,2.10,no
AUD/JPY,winter,22,05:30,3375,0.70,0.6035,0.8,0.70,2.10,no
AUD/JPY,winter,23,05:45,3375,0.70,0.6025,0.8,0.70,2.10,no
AUD/JPY,winter,24,06:00,3375,0.70,0.6155,0.9,0.70,2.10,no
AUD/JPY,winter,25,06:15,3375,0.70,0.6099,0.8,0.70,2.10,no
AUD/JPY,winter,26,06:30,3375,0.70,0.6211,0.9,0.70,2.10,no
AUD/JPY,winter,27,06:45,3375,0.70,0.6173,0.9,0.70,2.10,no
AUD/JPY,winter,28,07:00,3375,0.70,0.6396,0.9,0.70,2.10,no
AUD/JPY,winter,29,07:15,3375,0.70,0.6219,0.9,0.70,2.10,no
AUD/JPY,winter,30,07:30,3375,0.70,0.6324,0.9,0.70,2.10,no
AUD/JPY,winter,31,07:45,3375,0.70,0.6284,0.9,0.70,2.10,no
AUD/JPY,winter,32,08:00,3375,0.70,0.6577,1.0,0.70,2.10,no
AUD/JPY,winter,33,08:15,3375,0.70,0.6369,0.9,0.70,2.10,no
AUD/JPY,winter,34,08:30,3375,0.70,0.6411,1.0,0.70,2.10,no
AUD/JPY,winter,35,08:45,3375,0.70,0.6206,0.9,0.70,2.10,no
AUD/JPY,winter,36,09:00,3375,0.70,0.6397,0.9,0.70,2.10,no
AUD/JPY,winter,37,09:15,3375,0.70,0.6291,0.9,0.70,2.10,no
AUD/JPY,winter,38,09:30,3375,0.70,0.6191,0.9,0.70,2.10,no
AUD/JPY,winter,39,09:45,3375,0.70,0.6126,0.9,0.70,2.10,no
AUD/JPY,winter,40,10:00,3375,0.70,0.6147,0.9,0.70,2.10,no
AUD/JPY,winter,41,10:15,3375,0.70,0.6027,0.8,0.70,2.10,no
AUD/JPY,winter,42,10:30,3375,0.70,0.6007,0.8,0.70,2.10,no
AUD/JPY,winter,43,10:45,3375,0.70,0.5961,0.8,0.70,2.10,no
AUD/JPY,winter,44,11:00,3375,0.70,0.6026,0.8,0.70,2.10,no
AUD/JPY,winter,45,11:15,3375,0.70,0.5949,0.8,0.70,2.10,no
AUD/JPY,winter,46,11:30,3375,0.70,0.5991,0.8,0.70,2.10,no
AUD/JPY,winter,47,11:45,3375,0.70,0.5941,0.8,0.70,2.10,no
AUD/JPY,winter,48,12:00,3375,0.70,0.6057,0.8,0.70,2.10,no
AUD/JPY,winter,49,12:15,3375,0.70,0.5992,0.8,0.70,2.10,no
AUD/JPY,winter,50,12:30,3375,0.70,0.6073,0.8,0.70,2.10,no
AUD/JPY,winter,51,12:45,3375,0.70,0.6014,0.8,0.70,2.10,no
AUD/JPY,winter,52,13:00,3375,0.70,0.6255,0.9,0.70,2.10,no
AUD/JPY,winter,53,13:15,3375,0.70,0.6645,1.0,0.70,2.10,no
AUD/JPY,winter,54,13:30,3375,0.70,0.7241,1.1,0.70,2.10,no
AUD/JPY,winter,55,13:45,3375,0.70,0.6589,1.0,0.70,2.10,no
AUD/JPY,winter,56,14:00,3375,0.70,0.6553,1.0,0.70,2.10,no
AUD/JPY,winter,57,14:15,3375,0.70,0.6396,0.9,0.70,2.10,no
AUD/JPY,winter,58,14:30,3375,0.70,0.7073,1.1,0.70,2.10,no
AUD/JPY,winter,59,14:45,3375,0.70,0.7036,1.1,0.70,2.10,no
AUD/JPY,winter,60,15:00,3375,0.70,0.7378,1.2,0.70,2.10,no
AUD/JPY,winter,61,15:15,3375,0.70,0.6956,1.1,0.70,2.10,no
AUD/JPY,winter,62,15:30,3375,0.70,0.6874,1.1,0.70,2.10,no
AUD/JPY,winter,63,15:45,3375,0.70,0.6747,1.0,0.70,2.10,no
AUD/JPY,winter,64,16:00,3375,0.70,0.6628,1.0,0.70,2.10,no
AUD/JPY,winter,65,16:15,3375,0.70,0.6328,0.9,0.70,2.10,no
AUD/JPY,winter,66,16:30,3375,0.70,0.6294,0.9,0.70,2.10,no
AUD/JPY,winter,67,16:45,3375,0.70,0.6215,0.9,0.70,2.10,no
AUD/JPY,winter,68,17:00,3375,0.70,0.6292,0.9,0.70,2.10,no
AUD/JPY,winter,69,17:15,3375,0.70,0.6163,0.9,0.70,2.10,no
AUD/JPY,winter,70,17:30,3375,0.70,0.6169,0.9,0.70,2.10,no
AUD/JPY,winter,71,17:45,3375,0.70,0.6057,0.8,0.70,2.10,no
AUD/JPY,winter,72,18:00,3375,0.70,0.6061,0.8,0.70,2.10,no
AUD/JPY,winter,73,18:15,3375,0.70,0.5988,0.8,0.70,2.10,no
AUD/JPY,winter,74,18:30,3375,0.70,0.6004,0.8,0.70,2.10,no
AUD/JPY,winter,75,18:45,3375,0.70,0.5970,0.8,0.70,2.10,no
AUD/JPY,winter,76,19:00,3375,0.70,0.6079,0.8,0.70,2.10,no
AUD/JPY,winter,77,19:15,3375,0.70,0.5921,0.8,0.70,2.10,no
AUD/JPY,winter,78,19:30,3375,0.70,0.6042,0.8,0.70,2.10,no
AUD/JPY,winter,79,19:45,3375,0.70,0.5962,0.8,0.70,2.10,no
AUD/JPY,winter,80,20:00,3375,0.70,3.2319,12.4,0.70,2.10,no
AUD/JPY,winter,81,20:15,3375,0.70,3.2200,12.4,0.70,2.10,no
AUD/JPY,winter,82,20:30,3375,12.00,7.8175,12.5,0.70,2.10,yes
AUD/JPY,winter,83,20:45,3375,12.10,12.2772,15.3,0.70,2.10,yes
AUD/JPY,winter,84,21:00,2625,12.10,12.2780,13.3,0.70,2.10,yes
AUD/JPY,winter,85,21:15,2625,12.10,12.2716,13.2,0.70,2.10,yes
AUD/JPY,winter,86,21:30,2625,12.10,12.2924,13.3,0.70,2.10,yes
AUD/JPY,winter,87,21:45,2625,12.10,12.4368,15.3,0.70,2.10,yes
AUD/JPY,winter,88,22:00,3375,12.10,13.8536,18.6,0.70,2.10,yes
AUD/JPY,winter,89,22:15,3375,12.10,13.5572,17.3,0.70,2.10,yes
AUD/JPY,winter,90,22:30,3375,12.10,13.2772,16.4,0.70,2.10,yes
AUD/JPY,winter,91,22:45,3375,12.10,11.9151,15.7,0.70,2.10,yes
AUD/JPY,winter,92,23:00,3375,10.60,6.9551,12.3,0.70,2.10,yes
AUD/JPY,winter,93,23:15,3375,3.80,4.7211,12.1,0.70,2.10,yes
AUD/JPY,winter,94,23:30,3375,3.80,4.7096,12.1,0.70,2.10,yes
AUD/JPY,winter,95,23:45,3375,3.80,4.7094,12.2,0.70,2.10,yes
EUR/USD,summer,0,00:00,7335,0.30,0.3618,0.5,0.50,1.50,no
EUR/USD,summer,1,00:15,7335,0.30,0.3547,0.5,0.50,1.50,no
EUR/USD,summer,2,00:30,7335,0.30,0.3556,0.5,0.50,1.50,no
EUR/USD,summer,3,00:45,7335,0.30,0.3566,0.5,0.50,1.50,no
EUR/USD,summer,4,01:00,7335,0.30,0.3576,0.5,0.50,1.50,no
EUR/USD,summer,5,01:15,7335,0.30,0.3527,0.5,0.50,1.50,no
EUR/USD,summer,6,01:30,7335,0.30,0.3542,0.5,0.50,1.50,no
EUR/USD,summer,7,01:45,7335,0.30,0.3530,0.5,0.50,1.50,no
EUR/USD,summer,8,02:00,7335,0.30,0.3517,0.5,0.50,1.50,no
EUR/USD,summer,9,02:15,7335,0.30,0.3480,0.5,0.50,1.50,no
EUR/USD,summer,10,02:30,7335,0.30,0.3477,0.5,0.50,1.50,no
EUR/USD,summer,11,02:45,7335,0.30,0.3448,0.5,0.50,1.50,no
EUR/USD,summer,12,03:00,7322,0.30,0.3465,0.5,0.50,1.50,no
EUR/USD,summer,13,03:15,7320,0.30,0.3447,0.5,0.50,1.50,no
EUR/USD,summer,14,03:30,7320,0.30,0.3444,0.5,0.50,1.50,no
EUR/USD,summer,15,03:45,7320,0.30,0.3426,0.5,0.50,1.50,no
EUR/USD,summer,16,04:00,7320,0.30,0.3431,0.5,0.50,1.50,no
EUR/USD,summer,17,04:15,7329,0.30,0.3417,0.5,0.50,1.50,no
EUR/USD,summer,18,04:30,7335,0.30,0.3429,0.5,0.50,1.50,no
EUR/USD,summer,19,04:45,7335,0.30,0.3420,0.5,0.50,1.50,no
EUR/USD,summer,20,05:00,7335,0.30,0.3444,0.5,0.50,1.50,no
EUR/USD,summer,21,05:15,7335,0.30,0.3443,0.5,0.50,1.50,no
EUR/USD,summer,22,05:30,7335,0.30,0.3470,0.5,0.50,1.50,no
EUR/USD,summer,23,05:45,7335,0.30,0.3504,0.5,0.50,1.50,no
EUR/USD,summer,24,06:00,7335,0.30,0.3661,0.5,0.50,1.50,no
EUR/USD,summer,25,06:15,7335,0.30,0.3636,0.5,0.50,1.50,no
EUR/USD,summer,26,06:30,7335,0.30,0.3670,0.5,0.50,1.50,no
EUR/USD,summer,27,06:45,7335,0.30,0.3681,0.5,0.50,1.50,no
EUR/USD,summer,28,07:00,7335,0.40,0.3868,0.5,0.50,1.50,no
EUR/USD,summer,29,07:15,7335,0.30,0.3768,0.5,0.50,1.50,no
EUR/USD,summer,30,07:30,7335,0.30,0.3814,0.5,0.50,1.50,no
EUR/USD,summer,31,07:45,7335,0.30,0.3806,0.5,0.50,1.50,no
EUR/USD,summer,32,08:00,7335,0.30,0.3851,0.5,0.50,1.50,no
EUR/USD,summer,33,08:15,7335,0.30,0.3711,0.5,0.50,1.50,no
EUR/USD,summer,34,08:30,7335,0.30,0.3729,0.5,0.50,1.50,no
EUR/USD,summer,35,08:45,7335,0.30,0.3689,0.5,0.50,1.50,no
EUR/USD,summer,36,09:00,7335,0.30,0.3698,0.5,0.50,1.50,no
EUR/USD,summer,37,09:15,7335,0.30,0.3682,0.5,0.50,1.50,no
EUR/USD,summer,38,09:30,7335,0.30,0.3641,0.5,0.50,1.50,no
EUR/USD,summer,39,09:45,7335,0.30,0.3649,0.5,0.50,1.50,no
EUR/USD,summer,40,10:00,7335,0.30,0.3677,0.5,0.50,1.50,no
EUR/USD,summer,41,10:15,7335,0.30,0.3645,0.5,0.50,1.50,no
EUR/USD,summer,42,10:30,7335,0.30,0.3672,0.5,0.50,1.50,no
EUR/USD,summer,43,10:45,7335,0.30,0.3638,0.5,0.50,1.50,no
EUR/USD,summer,44,11:00,7335,0.30,0.3750,0.5,0.50,1.50,no
EUR/USD,summer,45,11:15,7335,0.30,0.3715,0.5,0.50,1.50,no
EUR/USD,summer,46,11:30,7335,0.30,0.3693,0.5,0.50,1.50,no
EUR/USD,summer,47,11:45,7335,0.30,0.3752,0.5,0.50,1.50,no
EUR/USD,summer,48,12:00,7335,0.30,0.3818,0.5,0.50,1.50,no
EUR/USD,summer,49,12:15,7335,0.30,0.3962,0.5,0.50,1.50,no
EUR/USD,summer,50,12:30,7335,0.50,0.4640,0.7,0.50,1.50,no
EUR/USD,summer,51,12:45,7335,0.40,0.4154,0.6,0.50,1.50,no
EUR/USD,summer,52,13:00,7335,0.40,0.4139,0.6,0.50,1.50,no
EUR/USD,summer,53,13:15,7335,0.40,0.3961,0.5,0.50,1.50,no
EUR/USD,summer,54,13:30,7335,0.40,0.4157,0.6,0.50,1.50,no
EUR/USD,summer,55,13:45,7335,0.40,0.4211,0.6,0.50,1.50,no
EUR/USD,summer,56,14:00,7335,0.50,0.4472,0.7,0.50,1.50,no
EUR/USD,summer,57,14:15,7335,0.40,0.4126,0.6,0.50,1.50,no
EUR/USD,summer,58,14:30,7335,0.40,0.4082,0.5,0.50,1.50,no
EUR/USD,summer,59,14:45,7335,0.40,0.4148,0.6,0.50,1.50,no
EUR/USD,summer,60,15:00,7335,0.40,0.4067,0.5,0.50,1.50,no
EUR/USD,summer,61,15:15,7335,0.30,0.3883,0.5,0.50,1.50,no
EUR/USD,summer,62,15:30,7335,0.30,0.3852,0.5,0.50,1.50,no
EUR/USD,summer,63,15:45,7335,0.30,0.3835,0.5,0.50,1.50,no
EUR/USD,summer,64,16:00,7335,0.30,0.3753,0.5,0.50,1.50,no
EUR/USD,summer,65,16:15,7335,0.30,0.3652,0.5,0.50,1.50,no
EUR/USD,summer,66,16:30,7335,0.30,0.3638,0.5,0.50,1.50,no
EUR/USD,summer,67,16:45,7335,0.30,0.3580,0.5,0.50,1.50,no
EUR/USD,summer,68,17:00,7335,0.30,0.3629,0.5,0.50,1.50,no
EUR/USD,summer,69,17:15,7335,0.30,0.3615,0.5,0.50,1.50,no
EUR/USD,summer,70,17:30,7335,0.30,0.3615,0.5,0.50,1.50,no
EUR/USD,summer,71,17:45,7335,0.30,0.3599,0.5,0.50,1.50,no
EUR/USD,summer,72,18:00,7335,0.30,0.3745,0.5,0.50,1.50,no
EUR/USD,summer,73,18:15,7335,0.30,0.3620,0.5,0.50,1.50,no
EUR/USD,summer,74,18:30,7335,0.30,0.3707,0.5,0.50,1.50,no
EUR/USD,summer,75,18:45,7335,0.30,0.3625,0.5,0.50,1.50,no
EUR/USD,summer,76,19:00,7335,0.30,0.3612,0.5,0.50,1.50,no
EUR/USD,summer,77,19:15,7335,0.30,0.3555,0.5,0.50,1.50,no
EUR/USD,summer,78,19:30,7335,0.30,0.3549,0.5,0.50,1.50,no
EUR/USD,summer,79,19:45,7335,0.30,0.3546,0.5,0.50,1.50,no
EUR/USD,summer,80,20:00,7349,0.50,2.6335,6.7,0.50,1.50,no
EUR/USD,summer,81,20:15,7350,0.50,2.6315,6.7,0.50,1.50,no
EUR/USD,summer,82,20:30,7350,6.60,4.3136,7.3,0.50,1.50,yes
EUR/USD,summer,83,20:45,7350,7.30,7.2024,7.5,0.50,1.50,yes
EUR/USD,summer,84,21:00,5880,7.40,7.4345,7.8,0.50,1.50,yes
EUR/USD,summer,85,21:15,5880,7.30,7.3548,7.5,0.50,1.50,yes
EUR/USD,summer,86,21:30,5880,7.30,7.2957,7.5,0.50,1.50,yes
EUR/USD,summer,87,21:45,5880,7.30,7.2591,7.5,0.50,1.50,yes
EUR/USD,summer,88,22:00,7335,7.10,6.6440,7.5,0.50,1.50,yes
EUR/USD,summer,89,22:15,7335,6.60,5.5540,7.4,0.50,1.50,yes
EUR/USD,summer,90,22:30,7335,6.60,5.5533,7.3,0.50,1.50,yes
EUR/USD,summer,91,22:45,7335,6.60,5.5606,7.4,0.50,1.50,yes
EUR/USD,summer,92,23:00,7335,1.70,2.5136,7.2,0.50,1.50,yes
EUR/USD,summer,93,23:15,7335,1.70,2.5021,7.2,0.50,1.50,yes
EUR/USD,summer,94,23:30,7335,1.70,2.5027,7.2,0.50,1.50,yes
EUR/USD,summer,95,23:45,7335,1.70,2.5028,7.2,0.50,1.50,yes
EUR/USD,winter,0,00:00,3375,0.50,0.4014,0.5,0.50,1.50,no
EUR/USD,winter,1,00:15,3375,0.50,0.3994,0.5,0.50,1.50,no
EUR/USD,winter,2,00:30,3375,0.50,0.3948,0.5,0.50,1.50,no
EUR/USD,winter,3,00:45,3375,0.50,0.4021,0.5,0.50,1.50,no
EUR/USD,winter,4,01:00,3375,0.50,0.4014,0.5,0.50,1.50,no
EUR/USD,winter,5,01:15,3375,0.50,0.3980,0.5,0.50,1.50,no
EUR/USD,winter,6,01:30,3375,0.50,0.3974,0.5,0.50,1.50,no
EUR/USD,winter,7,01:45,3375,0.50,0.3931,0.5,0.50,1.50,no
EUR/USD,winter,8,02:00,3375,0.50,0.3932,0.5,0.50,1.50,no
EUR/USD,winter,9,02:15,3375,0.50,0.3932,0.5,0.50,1.50,no
EUR/USD,winter,10,02:30,3375,0.50,0.3919,0.5,0.50,1.50,no
EUR/USD,winter,11,02:45,3375,0.50,0.3903,0.5,0.50,1.50,no
EUR/USD,winter,12,03:00,3375,0.50,0.3913,0.5,0.50,1.50,no
EUR/USD,winter,13,03:15,3375,0.50,0.3889,0.5,0.50,1.50,no
EUR/USD,winter,14,03:30,3375,0.50,0.3891,0.5,0.50,1.50,no
EUR/USD,winter,15,03:45,3375,0.50,0.3887,0.5,0.50,1.50,no
EUR/USD,winter,16,04:00,3375,0.50,0.3898,0.5,0.50,1.50,no
EUR/USD,winter,17,04:15,3375,0.50,0.3867,0.5,0.50,1.50,no
EUR/USD,winter,18,04:30,3375,0.50,0.3879,0.5,0.50,1.50,no
EUR/USD,winter,19,04:45,3375,0.50,0.3872,0.5,0.50,1.50,no
EUR/USD,winter,20,05:00,3375,0.50,0.3919,0.5,0.50,1.50,no
EUR/USD,winter,21,05:15,3375,0.50,0.3889,0.5,0.50,1.50,no
EUR/USD,winter,22,05:30,3375,0.50,0.3880,0.5,0.50,1.50,no
EUR/USD,winter,23,05:45,3375,0.50,0.3895,0.5,0.50,1.50,no
EUR/USD,winter,24,06:00,3375,0.50,0.3942,0.5,0.50,1.50,no
EUR/USD,winter,25,06:15,3375,0.50,0.3914,0.5,0.50,1.50,no
EUR/USD,winter,26,06:30,3375,0.50,0.3926,0.5,0.50,1.50,no
EUR/USD,winter,27,06:45,3375,0.50,0.3951,0.5,0.50,1.50,no
EUR/USD,winter,28,07:00,3375,0.50,0.4099,0.5,0.50,1.50,no
EUR/USD,winter,29,07:15,3375,0.50,0.4050,0.5,0.50,1.50,no
EUR/USD,winter,30,07:30,3375,0.50,0.4113,0.5,0.50,1.50,no
EUR/USD,winter,31,07:45,3375,0.50,0.4100,0.5,0.50,1.50,no
EUR/USD,winter,32,08:00,3375,0.50,0.4308,0.6,0.50,1.50,no
EUR/USD,winter,33,08:15,3375,0.50,0.4234,0.5,0.50,1.50,no
EUR/USD,winter,34,08:30,3375,0.50,0.4242,0.5,0.50,1.50,no
EUR/USD,winter,35,08:45,3375,0.50,0.4133,0.5,0.50,1.50,no
EUR/USD,winter,36,09:00,3375,0.50,0.4289,0.5,0.50,1.50,no
EUR/USD,winter,37,09:15,3375,0.50,0.4214,0.5,0.50,1.50,no
EUR/USD,winter,38,09:30,3375,0.50,0.4136,0.5,0.50,1.50,no
EUR/USD,winter,39,09:45,3375,0.50,0.4102,0.5,0.50,1.50,no
EUR/USD,winter,40,10:00,3375,0.50,0.4145,0.5,0.50,1.50,no
EUR/USD,winter,41,10:15,3375,0.50,0.4034,0.5,0.50,1.50,no
EUR/USD,winter,42,10:30,3375,0.50,0.4041,0.5,0.50,1.50,no
EUR/USD,winter,43,10:45,3375,0.50,0.4013,0.5,0.50,1.50,no
EUR/USD,winter,44,11:00,3375,0.50,0.4055,0.5,0.50,1.50,no
EUR/USD,winter,45,11:15,3375,0.50,0.4009,0.5,0.50,1.50,no
EUR/USD,winter,46,11:30,3375,0.50,0.4034,0.5,0.50,1.50,no
EUR/USD,winter,47,11:45,3375,0.50,0.4020,0.5,0.50,1.50,no
EUR/USD,winter,48,12:00,3375,0.50,0.4071,0.5,0.50,1.50,no
EUR/USD,winter,49,12:15,3375,0.50,0.4033,0.5,0.50,1.50,no
EUR/USD,winter,50,12:30,3375,0.50,0.4072,0.5,0.50,1.50,no
EUR/USD,winter,51,12:45,3375,0.50,0.4100,0.5,0.50,1.50,no
EUR/USD,winter,52,13:00,3375,0.50,0.4239,0.5,0.50,1.50,no
EUR/USD,winter,53,13:15,3375,0.50,0.4375,0.5,0.50,1.50,no
EUR/USD,winter,54,13:30,3375,0.50,0.5482,0.9,0.50,1.50,no
EUR/USD,winter,55,13:45,3375,0.50,0.4728,0.7,0.50,1.50,no
EUR/USD,winter,56,14:00,3375,0.50,0.4667,0.7,0.50,1.50,no
EUR/USD,winter,57,14:15,3375,0.50,0.4476,0.6,0.50,1.50,no
EUR/USD,winter,58,14:30,3375,0.50,0.4651,0.6,0.50,1.50,no
EUR/USD,winter,59,14:45,3375,0.50,0.4620,0.6,0.50,1.50,no
EUR/USD,winter,60,15:00,3375,0.50,0.5009,0.8,0.50,1.50,no
EUR/USD,winter,61,15:15,3375,0.50,0.4668,0.6,0.50,1.50,no
EUR/USD,winter,62,15:30,3375,0.50,0.4578,0.6,0.50,1.50,no
EUR/USD,winter,63,15:45,3375,0.50,0.4647,0.6,0.50,1.50,no
EUR/USD,winter,64,16:00,3375,0.50,0.4538,0.6,0.50,1.50,no
EUR/USD,winter,65,16:15,3375,0.50,0.4327,0.5,0.50,1.50,no
EUR/USD,winter,66,16:30,3375,0.50,0.4252,0.5,0.50,1.50,no
EUR/USD,winter,67,16:45,3375,0.50,0.4188,0.5,0.50,1.50,no
EUR/USD,winter,68,17:00,3375,0.50,0.4227,0.5,0.50,1.50,no
EUR/USD,winter,69,17:15,3375,0.50,0.4175,0.5,0.50,1.50,no
EUR/USD,winter,70,17:30,3375,0.50,0.4102,0.5,0.50,1.50,no
EUR/USD,winter,71,17:45,3375,0.50,0.4027,0.5,0.50,1.50,no
EUR/USD,winter,72,18:00,3375,0.50,0.4078,0.5,0.50,1.50,no
EUR/USD,winter,73,18:15,3375,0.50,0.4025,0.5,0.50,1.50,no
EUR/USD,winter,74,18:30,3375,0.50,0.4031,0.5,0.50,1.50,no
EUR/USD,winter,75,18:45,3375,0.50,0.3998,0.5,0.50,1.50,no
EUR/USD,winter,76,19:00,3375,0.50,0.4142,0.5,0.50,1.50,no
EUR/USD,winter,77,19:15,3375,0.50,0.3959,0.5,0.50,1.50,no
EUR/USD,winter,78,19:30,3375,0.50,0.4133,0.5,0.50,1.50,no
EUR/USD,winter,79,19:45,3375,0.50,0.4048,0.5,0.50,1.50,no
EUR/USD,winter,80,20:00,3375,0.50,2.7434,11.1,0.50,1.50,no
EUR/USD,winter,81,20:15,3375,0.50,2.7355,11.1,0.50,1.50,no
EUR/USD,winter,82,20:30,3375,6.50,5.1876,11.1,0.50,1.50,yes
EUR/USD,winter,83,20:45,3375,9.80,8.8572,11.1,0.50,1.50,yes
EUR/USD,winter,84,21:00,2625,9.80,8.8615,11.1,0.50,1.50,yes
EUR/USD,winter,85,21:15,2625,9.80,8.8566,11.1,0.50,1.50,yes
EUR/USD,winter,86,21:30,2625,9.80,8.8572,11.1,0.50,1.50,yes
EUR/USD,winter,87,21:45,2625,9.80,8.8941,11.2,0.50,1.50,yes
EUR/USD,winter,88,22:00,3375,9.80,9.3829,13.0,0.50,1.50,yes
EUR/USD,winter,89,22:15,3375,9.80,9.2917,12.9,0.50,1.50,yes
EUR/USD,winter,90,22:30,3375,9.80,9.1124,12.2,0.50,1.50,yes
EUR/USD,winter,91,22:45,3375,9.80,8.4169,11.9,0.50,1.50,yes
EUR/USD,winter,92,23:00,3375,6.40,4.6284,9.9,0.50,1.50,yes
EUR/USD,winter,93,23:15,3375,2.60,2.7171,6.6,0.50,1.50,yes
EUR/USD,winter,94,23:30,3375,2.60,2.7174,6.6,0.50,1.50,yes
EUR/USD,winter,95,23:45,3375,2.60,2.7157,6.6,0.50,1.50,yes
AUD/USD,summer,0,00:00,7350,0.30,0.3822,0.5,0.40,1.20,no
AUD/USD,summer,1,00:15,7350,0.30,0.3731,0.5,0.40,1.20,no
AUD/USD,summer,2,00:30,7350,0.30,0.3726,0.5,0.40,1.20,no
AUD/USD,summer,3,00:45,7350,0.30,0.3789,0.5,0.40,1.20,no
AUD/USD,summer,4,01:00,7350,0.30,0.3835,0.5,0.40,1.20,no
AUD/USD,summer,5,01:15,7350,0.30,0.3853,0.5,0.40,1.20,no
AUD/USD,summer,6,01:30,7350,0.40,0.3958,0.5,0.40,1.20,no
AUD/USD,summer,7,01:45,7350,0.30,0.3814,0.5,0.40,1.20,no
AUD/USD,summer,8,02:00,7350,0.30,0.3815,0.5,0.40,1.20,no
AUD/USD,summer,9,02:15,7350,0.30,0.3721,0.5,0.40,1.20,no
AUD/USD,summer,10,02:30,7350,0.30,0.3724,0.5,0.40,1.20,no
AUD/USD,summer,11,02:45,7350,0.30,0.3690,0.5,0.40,1.20,no
AUD/USD,summer,12,03:00,7337,0.30,0.3685,0.5,0.40,1.20,no
AUD/USD,summer,13,03:15,7335,0.30,0.3676,0.5,0.40,1.20,no
AUD/USD,summer,14,03:30,7335,0.30,0.3653,0.5,0.40,1.20,no
AUD/USD,summer,15,03:45,7335,0.30,0.3615,0.5,0.40,1.20,no
AUD/USD,summer,16,04:00,7335,0.30,0.3616,0.5,0.40,1.20,no
AUD/USD,summer,17,04:15,7344,0.30,0.3602,0.5,0.40,1.20,no
AUD/USD,summer,18,04:30,7350,0.30,0.3633,0.5,0.40,1.20,no
AUD/USD,summer,19,04:45,7350,0.30,0.3591,0.5,0.40,1.20,no
AUD/USD,summer,20,05:00,7350,0.30,0.3657,0.5,0.40,1.20,no
AUD/USD,summer,21,05:15,7350,0.30,0.3649,0.5,0.40,1.20,no
AUD/USD,summer,22,05:30,7350,0.30,0.3695,0.5,0.40,1.20,no
AUD/USD,summer,23,05:45,7350,0.30,0.3694,0.5,0.40,1.20,no
AUD/USD,summer,24,06:00,7350,0.30,0.3816,0.5,0.40,1.20,no
AUD/USD,summer,25,06:15,7350,0.30,0.3746,0.5,0.40,1.20,no
AUD/USD,summer,26,06:30,7350,0.30,0.3749,0.5,0.40,1.20,no
AUD/USD,summer,27,06:45,7350,0.30,0.3737,0.5,0.40,1.20,no
AUD/USD,summer,28,07:00,7350,0.30,0.3863,0.5,0.40,1.20,no
AUD/USD,summer,29,07:15,7350,0.30,0.3794,0.5,0.40,1.20,no
AUD/USD,summer,30,07:30,7350,0.30,0.3787,0.5,0.40,1.20,no
AUD/USD,summer,31,07:45,7350,0.30,0.3753,0.5,0.40,1.20,no
AUD/USD,summer,32,08:00,7350,0.30,0.3821,0.5,0.40,1.20,no
AUD/USD,summer,33,08:15,7350,0.30,0.3730,0.5,0.40,1.20,no
AUD/USD,summer,34,08:30,7350,0.30,0.3724,0.5,0.40,1.20,no
AUD/USD,summer,35,08:45,7350,0.30,0.3682,0.5,0.40,1.20,no
AUD/USD,summer,36,09:00,7350,0.30,0.3704,0.5,0.40,1.20,no
AUD/USD,summer,37,09:15,7350,0.30,0.3677,0.5,0.40,1.20,no
AUD/USD,summer,38,09:30,7350,0.30,0.3670,0.5,0.40,1.20,no
AUD/USD,summer,39,09:45,7350,0.30,0.3665,0.5,0.40,1.20,no
AUD/USD,summer,40,10:00,7350,0.30,0.3677,0.5,0.40,1.20,no
AUD/USD,summer,41,10:15,7350,0.30,0.3647,0.5,0.40,1.20,no
AUD/USD,summer,42,10:30,7350,0.30,0.3650,0.5,0.40,1.20,no
AUD/USD,summer,43,10:45,7350,0.30,0.3657,0.5,0.40,1.20,no
AUD/USD,summer,44,11:00,7350,0.30,0.3734,0.5,0.40,1.20,no
AUD/USD,summer,45,11:15,7350,0.30,0.3702,0.5,0.40,1.20,no
AUD/USD,summer,46,11:30,7350,0.30,0.3694,0.5,0.40,1.20,no
AUD/USD,summer,47,11:45,7350,0.30,0.3707,0.5,0.40,1.20,no
AUD/USD,summer,48,12:00,7350,0.30,0.3784,0.5,0.40,1.20,no
AUD/USD,summer,49,12:15,7350,0.30,0.3899,0.5,0.40,1.20,no
AUD/USD,summer,50,12:30,7350,0.40,0.4293,0.5,0.40,1.20,no
AUD/USD,summer,51,12:45,7350,0.40,0.3985,0.5,0.40,1.20,no
AUD/USD,summer,52,13:00,7350,0.40,0.3983,0.5,0.40,1.20,no
AUD/USD,summer,53,13:15,7350,0.30,0.3902,0.5,0.40,1.20,no
AUD/USD,summer,54,13:30,7350,0.40,0.4116,0.5,0.40,1.20,no
AUD/USD,summer,55,13:45,7350,0.40,0.4120,0.5,0.40,1.20,no
AUD/USD,summer,56,14:00,7350,0.40,0.4245,0.5,0.40,1.20,no
AUD/USD,summer,57,14:15,7350,0.40,0.4050,0.5,0.40,1.20,no
AUD/USD,summer,58,14:30,7350,0.40,0.4035,0.5,0.40,1.20,no
AUD/USD,summer,59,14:45,7350,0.40,0.4053,0.5,0.40,1.20,no
AUD/USD,summer,60,15:00,7350,0.40,0.3987,0.5,0.40,1.20,no
AUD/USD,summer,61,15:15,7350,0.30,0.3900,0.5,0.40,1.20,no
AUD/USD,summer,62,15:30,7350,0.30,0.3899,0.5,0.40,1.20,no
AUD/USD,summer,63,15:45,7350,0.30,0.3813,0.5,0.40,1.20,no
AUD/USD,summer,64,16:00,7350,0.30,0.3748,0.5,0.40,1.20,no
AUD/USD,summer,65,16:15,7350,0.30,0.3690,0.5,0.40,1.20,no
AUD/USD,summer,66,16:30,7350,0.30,0.3707,0.5,0.40,1.20,no
AUD/USD,summer,67,16:45,7350,0.30,0.3668,0.5,0.40,1.20,no
AUD/USD,summer,68,17:00,7350,0.30,0.3704,0.5,0.40,1.20,no
AUD/USD,summer,69,17:15,7350,0.30,0.3692,0.5,0.40,1.20,no
AUD/USD,summer,70,17:30,7350,0.30,0.3696,0.5,0.40,1.20,no
AUD/USD,summer,71,17:45,7350,0.30,0.3669,0.5,0.40,1.20,no
AUD/USD,summer,72,18:00,7350,0.30,0.3757,0.5,0.40,1.20,no
AUD/USD,summer,73,18:15,7350,0.30,0.3675,0.5,0.40,1.20,no
AUD/USD,summer,74,18:30,7350,0.30,0.3741,0.5,0.40,1.20,no
AUD/USD,summer,75,18:45,7350,0.30,0.3687,0.5,0.40,1.20,no
AUD/USD,summer,76,19:00,7350,0.30,0.3701,0.5,0.40,1.20,no
AUD/USD,summer,77,19:15,7350,0.30,0.3682,0.5,0.40,1.20,no
AUD/USD,summer,78,19:30,7350,0.30,0.3674,0.5,0.40,1.20,no
AUD/USD,summer,79,19:45,7350,0.30,0.3772,0.5,0.40,1.20,no
AUD/USD,summer,80,20:00,7350,0.50,1.7932,4.3,0.40,1.20,no
AUD/USD,summer,81,20:15,7350,0.50,1.7896,4.3,0.40,1.20,no
AUD/USD,summer,82,20:30,7350,4.10,2.7410,4.3,0.40,1.20,yes
AUD/USD,summer,83,20:45,7350,4.40,4.5105,4.8,0.40,1.20,yes
AUD/USD,summer,84,21:00,5895,4.70,5.1288,6.7,0.40,1.20,yes
AUD/USD,summer,85,21:15,5895,4.80,4.8929,5.9,0.40,1.20,yes
AUD/USD,summer,86,21:30,5895,4.70,4.7290,5.4,0.40,1.20,yes
AUD/USD,summer,87,21:45,5895,4.70,4.6458,5.1,0.40,1.20,yes
AUD/USD,summer,88,22:00,7350,4.30,4.2649,4.8,0.40,1.20,yes
AUD/USD,summer,89,22:15,7350,4.20,3.8405,4.4,0.40,1.20,yes
AUD/USD,summer,90,22:30,7350,4.20,3.8392,4.4,0.40,1.20,yes
AUD/USD,summer,91,22:45,7350,4.20,3.8439,4.4,0.40,1.20,yes
AUD/USD,summer,92,23:00,7350,2.90,2.2760,4.2,0.40,1.20,yes
AUD/USD,summer,93,23:15,7350,2.90,2.2708,4.2,0.40,1.20,yes
AUD/USD,summer,94,23:30,7350,2.90,2.2703,4.2,0.40,1.20,yes
AUD/USD,summer,95,23:45,7350,2.90,2.2784,4.2,0.40,1.20,yes
AUD/USD,winter,0,00:00,3375,0.50,0.4215,0.6,0.40,1.20,no
AUD/USD,winter,1,00:15,3375,0.50,0.4230,0.5,0.40,1.20,no
AUD/USD,winter,2,00:30,3375,0.50,0.4278,0.6,0.40,1.20,no
AUD/USD,winter,3,00:45,3375,0.50,0.4282,0.6,0.40,1.20,no
AUD/USD,winter,4,01:00,3375,0.50,0.4360,0.6,0.40,1.20,no
AUD/USD,winter,5,01:15,3375,0.50,0.4335,0.6,0.40,1.20,no
AUD/USD,winter,6,01:30,3375,0.50,0.4390,0.6,0.40,1.20,no
AUD/USD,winter,7,01:45,3375,0.50,0.4268,0.6,0.40,1.20,no
AUD/USD,winter,8,02:00,3375,0.50,0.4302,0.6,0.40,1.20,no
AUD/USD,winter,9,02:15,3375,0.50,0.4263,0.6,0.40,1.20,no
AUD/USD,winter,10,02:30,3375,0.50,0.4207,0.6,0.40,1.20,no
AUD/USD,winter,11,02:45,3375,0.50,0.4190,0.5,0.40,1.20,no
AUD/USD,winter,12,03:00,3375,0.50,0.4194,0.5,0.40,1.20,no
AUD/USD,winter,13,03:15,3375,0.50,0.4134,0.5,0.40,1.20,no
AUD/USD,winter,14,03:30,3375,0.50,0.4208,0.6,0.40,1.20,no
AUD/USD,winter,15,03:45,3375,0.50,0.4114,0.5,0.40,1.20,no
AUD/USD,winter,16,04:00,3375,0.50,0.4097,0.5,0.40,1.20,no
AUD/USD,winter,17,04:15,3375,0.50,0.4071,0.5,0.40,1.20,no
AUD/USD,winter,18,04:30,3375,0.50,0.4061,0.5,0.40,1.20,no
AUD/USD,winter,19,04:45,3375,0.50,0.4064,0.5,0.40,1.20,no
AUD/USD,winter,20,05:00,3375,0.50,0.4164,0.5,0.40,1.20,no
AUD/USD,winter,21,05:15,3375,0.50,0.4100,0.5,0.40,1.20,no
AUD/USD,winter,22,05:30,3375,0.50,0.4105,0.5,0.40,1.20,no
AUD/USD,winter,23,05:45,3375,0.50,0.4111,0.5,0.40,1.20,no
AUD/USD,winter,24,06:00,3375,0.50,0.4150,0.5,0.40,1.20,no
AUD/USD,winter,25,06:15,3375,0.50,0.4150,0.5,0.40,1.20,no
AUD/USD,winter,26,06:30,3375,0.50,0.4158,0.5,0.40,1.20,no
AUD/USD,winter,27,06:45,3375,0.50,0.4148,0.5,0.40,1.20,no
AUD/USD,winter,28,07:00,3375,0.50,0.4289,0.6,0.40,1.20,no
AUD/USD,winter,29,07:15,3375,0.50,0.4241,0.5,0.40,1.20,no
AUD/USD,winter,30,07:30,3375,0.50,0.4295,0.6,0.40,1.20,no
AUD/USD,winter,31,07:45,3375,0.50,0.4261,0.6,0.40,1.20,no
AUD/USD,winter,32,08:00,3375,0.50,0.4380,0.6,0.40,1.20,no
AUD/USD,winter,33,08:15,3375,0.50,0.4319,0.6,0.40,1.20,no
AUD/USD,winter,34,08:30,3375,0.50,0.4288,0.6,0.40,1.20,no
AUD/USD,winter,35,08:45,3375,0.50,0.4243,0.6,0.40,1.20,no
AUD/USD,winter,36,09:00,3375,0.50,0.4298,0.6,0.40,1.20,no
AUD/USD,winter,37,09:15,3375,0.50,0.4255,0.6,0.40,1.20,no
AUD/USD,winter,38,09:30,3375,0.50,0.4210,0.6,0.40,1.20,no
AUD/USD,winter,39,09:45,3375,0.50,0.4159,0.5,0.40,1.20,no
AUD/USD,winter,40,10:00,3375,0.50,0.4218,0.6,0.40,1.20,no
AUD/USD,winter,41,10:15,3375,0.50,0.4153,0.5,0.40,1.20,no
AUD/USD,winter,42,10:30,3375,0.50,0.4127,0.5,0.40,1.20,no
AUD/USD,winter,43,10:45,3375,0.50,0.4116,0.5,0.40,1.20,no
AUD/USD,winter,44,11:00,3375,0.50,0.4160,0.5,0.40,1.20,no
AUD/USD,winter,45,11:15,3375,0.50,0.4131,0.5,0.40,1.20,no
AUD/USD,winter,46,11:30,3375,0.50,0.4144,0.5,0.40,1.20,no
AUD/USD,winter,47,11:45,3375,0.50,0.4104,0.5,0.40,1.20,no
AUD/USD,winter,48,12:00,3375,0.50,0.4147,0.5,0.40,1.20,no
AUD/USD,winter,49,12:15,3375,0.50,0.4136,0.5,0.40,1.20,no
AUD/USD,winter,50,12:30,3375,0.50,0.4179,0.5,0.40,1.20,no
AUD/USD,winter,51,12:45,3375,0.50,0.4149,0.5,0.40,1.20,no
AUD/USD,winter,52,13:00,3375,0.50,0.4294,0.6,0.40,1.20,no
AUD/USD,winter,53,13:15,3375,0.50,0.4457,0.6,0.40,1.20,no
AUD/USD,winter,54,13:30,3375,0.50,0.5064,0.8,0.40,1.20,no
AUD/USD,winter,55,13:45,3375,0.50,0.4591,0.7,0.40,1.20,no
AUD/USD,winter,56,14:00,3375,0.50,0.4525,0.6,0.40,1.20,no
AUD/USD,winter,57,14:15,3375,0.50,0.4444,0.6,0.40,1.20,no
AUD/USD,winter,58,14:30,3375,0.50,0.4726,0.7,0.40,1.20,no
AUD/USD,winter,59,14:45,3375,0.50,0.4681,0.7,0.40,1.20,no
AUD/USD,winter,60,15:00,3375,0.50,0.4895,0.7,0.40,1.20,no
AUD/USD,winter,61,15:15,3375,0.50,0.4676,0.7,0.40,1.20,no
AUD/USD,winter,62,15:30,3375,0.50,0.4631,0.7,0.40,1.20,no
AUD/USD,winter,63,15:45,3375,0.50,0.4535,0.7,0.40,1.20,no
AUD/USD,winter,64,16:00,3375,0.50,0.4528,0.7,0.40,1.20,no
AUD/USD,winter,65,16:15,3375,0.50,0.4372,0.6,0.40,1.20,no
AUD/USD,winter,66,16:30,3375,0.50,0.4341,0.6,0.40,1.20,no
AUD/USD,winter,67,16:45,3375,0.50,0.4305,0.6,0.40,1.20,no
AUD/USD,winter,68,17:00,3375,0.50,0.4287,0.6,0.40,1.20,no
AUD/USD,winter,69,17:15,3375,0.50,0.4248,0.6,0.40,1.20,no
AUD/USD,winter,70,17:30,3375,0.50,0.4210,0.5,0.40,1.20,no
AUD/USD,winter,71,17:45,3375,0.50,0.4148,0.5,0.40,1.20,no
AUD/USD,winter,72,18:00,3375,0.50,0.4188,0.5,0.40,1.20,no
AUD/USD,winter,73,18:15,3375,0.50,0.4131,0.5,0.40,1.20,no
AUD/USD,winter,74,18:30,3375,0.50,0.4148,0.5,0.40,1.20,no
AUD/USD,winter,75,18:45,3375,0.50,0.4132,0.5,0.40,1.20,no
AUD/USD,winter,76,19:00,3375,0.50,0.4208,0.5,0.40,1.20,no
AUD/USD,winter,77,19:15,3375,0.50,0.4098,0.5,0.40,1.20,no
AUD/USD,winter,78,19:30,3375,0.50,0.4226,0.5,0.40,1.20,no
AUD/USD,winter,79,19:45,3375,0.50,0.4162,0.5,0.40,1.20,no
AUD/USD,winter,80,20:00,3375,0.50,1.8507,7.1,0.40,1.20,no
AUD/USD,winter,81,20:15,3375,0.50,1.8423,7.1,0.40,1.20,no
AUD/USD,winter,82,20:30,3375,4.00,3.3287,7.1,0.40,1.20,yes
AUD/USD,winter,83,20:45,3375,4.50,4.9147,7.1,0.40,1.20,yes
AUD/USD,winter,84,21:00,2625,4.50,4.9282,7.1,0.40,1.20,yes
AUD/USD,winter,85,21:15,2625,4.50,4.9236,7.0,0.40,1.20,yes
AUD/USD,winter,86,21:30,2625,4.50,4.9279,7.1,0.40,1.20,yes
AUD/USD,winter,87,21:45,2625,4.50,4.9973,7.3,0.40,1.20,yes
AUD/USD,winter,88,22:00,3375,4.50,5.8820,10.5,0.40,1.20,yes
AUD/USD,winter,89,22:15,3375,4.50,5.6404,9.7,0.40,1.20,yes
AUD/USD,winter,90,22:30,3375,4.50,5.3790,8.8,0.40,1.20,yes
AUD/USD,winter,91,22:45,3375,4.50,4.8286,8.1,0.40,1.20,yes
AUD/USD,winter,92,23:00,3375,4.00,2.7154,4.5,0.40,1.20,yes
AUD/USD,winter,93,23:15,3375,2.80,2.2288,4.1,0.40,1.20,yes
AUD/USD,winter,94,23:30,3375,2.80,2.2282,4.1,0.40,1.20,yes
AUD/USD,winter,95,23:45,3375,2.80,2.2243,4.1,0.40,1.20,yes
