pair,side,open,T,E,sentAt
AUD/JPY,BUY,2026-10-08T17:30:00Z,2026-10-08T17:45:00Z,109.758,2026-10-08T17:45:05.949Z
USD/JPY,BUY,2026-10-08T17:45:00Z,2026-10-08T18:00:00Z,157.726,2026-10-08T18:00:04.649Z
EUR/JPY,SELL,2026-10-09T00:45:00Z,2026-10-09T01:00:00Z,177.29,2026-10-09T01:00:04.782Z
AUD/JPY,SELL,2026-10-09T00:45:00Z,2026-10-09T01:00:00Z,110.07,2026-10-09T01:00:05.396Z
EUR/USD,SELL,2026-10-09T01:45:00Z,2026-10-09T02:00:00Z,1.12264,2026-10-09T02:00:08.734Z
AUD/USD,SELL,2026-10-09T02:00:00Z,2026-10-09T02:15:00Z,0.69738,2026-10-09T02:15:07.393Z
EUR/JPY,SELL,2026-10-09T03:00:00Z,2026-10-09T03:15:00Z,177.388,2026-10-09T03:15:03.888Z
AUD/JPY,SELL,2026-10-09T03:00:00Z,2026-10-09T03:15:00Z,110.197,2026-10-09T03:15:04.677Z
AUD/USD,SELL,2026-10-09T03:00:00Z,2026-10-09T03:15:00Z,0.69741,2026-10-09T03:15:05.682Z
EUR/USD,SELL,2026-10-09T05:45:00Z,2026-10-09T06:00:00Z,1.12318,2026-10-09T06:00:05.503Z
AUD/USD,SELL,2026-10-09T05:45:00Z,2026-10-09T06:00:00Z,0.69837,2026-10-09T06:00:06.130Z
EUR/JPY,SELL,2026-10-09T06:00:00Z,2026-10-09T06:15:00Z,177.581,2026-10-09T06:15:03.547Z
USD/JPY,SELL,2026-10-09T07:45:00Z,2026-10-09T08:00:00Z,158.332,2026-10-09T08:00:03.066Z
EUR/JPY,SELL,2026-10-09T08:00:00Z,2026-10-09T08:15:00Z,177.769,2026-10-09T08:15:04.792Z
EUR/JPY,SELL,2026-10-09T08:30:00Z,2026-10-09T08:45:00Z,177.702,2026-10-09T08:45:04.707Z
AUD/JPY,SELL,2026-10-09T08:30:00Z,2026-10-09T08:45:00Z,110.453,2026-10-09T08:45:05.402Z
