T,pair,side,P,season,slot,avoided,counted,reason,vMid,vExit
2023-11-08T03:45:00.000Z,AUD/JPY,SELL,2023-11-08T03:47:00.000Z,winter,03:45,no,yes,,9.999999999999432,9.999999999999432
2023-11-08T06:45:00.000Z,USD/JPY,SELL,2023-11-08T06:47:00.000Z,winter,06:45,no,yes,,-13.84999999999934,-14.100000000001955
2023-11-08T07:45:00.000Z,USD/JPY,SELL,2023-11-08T07:47:00.000Z,winter,07:45,no,yes,,-22.59999999999991,-22.700000000000387
2023-11-08T07:45:00.000Z,EUR/USD,BUY,2023-11-08T07:47:00.000Z,winter,07:45,no,yes,,9.999999999998899,9.999999999998899
2023-11-08T08:30:00.000Z,EUR/USD,BUY,2023-11-08T08:32:00.000Z,winter,08:30,no,yes,,12.299999999998423,12.299999999998423
2023-11-08T09:30:00.000Z,USD/JPY,SELL,2023-11-08T09:32:00.000Z,winter,09:30,no,yes,,-28.300000000001546,-28.39999999999918
2023-11-08T10:45:00.000Z,EUR/USD,BUY,2023-11-08T10:47:00.000Z,winter,10:45,no,yes,,9.999999999998899,9.999999999998899
2023-11-08T13:15:00.000Z,USD/JPY,SELL,2023-11-08T13:17:00.000Z,winter,13:15,no,yes,,9.999999999999432,9.999999999999432
2023-11-08T14:00:00.000Z,USD/JPY,SELL,2023-11-08T14:02:00.000Z,winter,14:00,no,yes,,9.999999999999432,9.999999999999432
2023-11-08T17:15:00.000Z,EUR/JPY,SELL,2023-11-08T17:17:00.000Z,winter,17:15,no,yes,,-22.800000000000864,-23.199999999999932
2023-11-08T17:15:00.000Z,EUR/USD,SELL,2023-11-08T17:17:00.000Z,winter,17:15,no,yes,,10.399999999997078,10.399999999997078
2023-11-08T20:30:00.000Z,USD/JPY,SELL,2023-11-08T20:32:00.000Z,winter,20:30,yes,yes,,9.999999999999432,9.999999999999432
2023-11-08T20:30:00.000Z,AUD/USD,BUY,2023-11-08T20:32:00.000Z,winter,20:30,yes,yes,,10.000000000000009,10.000000000000009
2023-11-08T22:00:00.000Z,EUR/JPY,SELL,2023-11-08T22:10:00.000Z,winter,22:00,yes,yes,,9.999999999999432,9.999999999999432
2023-11-09T06:30:00.000Z,USD/JPY,SELL,2023-11-09T06:32:00.000Z,winter,06:30,no,yes,,10.099999999999909,10.099999999999909
2023-11-09T15:15:00.000Z,EUR/USD,SELL,2023-11-09T15:17:00.000Z,winter,15:15,no,yes,,10.599999999998388,10.599999999998388
2023-11-09T20:00:00.000Z,USD/JPY,SELL,2023-11-09T20:02:00.000Z,winter,20:00,no,yes,,9.999999999999432,9.999999999999432
2023-11-09T20:00:00.000Z,EUR/USD,BUY,2023-11-09T20:02:00.000Z,winter,20:00,no,yes,,9.999999999998899,9.999999999998899
2023-11-09T20:15:00.000Z,AUD/JPY,BUY,2023-11-09T20:17:00.000Z,winter,20:15,no,yes,,-9.999999999999432,-12.399999999999523
2023-11-09T20:15:00.000Z,AUD/USD,BUY,2023-11-09T20:17:00.000Z,winter,20:15,no,yes,,-18.199999999999328,-19.799999999999816
2023-11-09T21:15:00.000Z,AUD/USD,BUY,2023-11-09T21:17:00.000Z,winter,21:15,yes,yes,,-8.499999999999064,-10.099999999999554
2023-11-09T23:45:00.000Z,AUD/JPY,BUY,2023-11-09T23:47:00.000Z,winter,23:45,yes,yes,,9.999999999999432,9.999999999999432
2023-11-09T23:45:00.000Z,AUD/USD,BUY,2023-11-09T23:47:00.000Z,winter,23:45,yes,yes,,-2.2999999999995246,-3.9000000000000146
2023-11-10T01:00:00.000Z,AUD/JPY,BUY,2023-11-10T01:02:00.000Z,winter,01:00,no,no,friday,11.10000000000042,11.10000000000042
2023-11-10T01:00:00.000Z,AUD/USD,BUY,2023-11-10T01:02:00.000Z,winter,01:00,no,no,friday,1.900000000001345,0.30000000000085514
2023-11-10T16:00:00.000Z,AUD/JPY,BUY,2023-11-10T16:02:00.000Z,winter,16:00,no,no,friday,0,0
2023-11-13T06:30:00.000Z,USD/JPY,SELL,2023-11-13T06:32:00.000Z,winter,06:30,no,yes,,10.099999999999909,10.099999999999909
2023-11-13T06:30:00.000Z,AUD/JPY,SELL,2023-11-13T06:32:00.000Z,winter,06:30,no,yes,,11.199999999999477,11.199999999999477
2023-11-13T07:00:00.000Z,AUD/JPY,SELL,2023-11-13T07:02:00.000Z,winter,07:00,no,yes,,9.999999999999432,9.999999999999432
2023-11-13T07:45:00.000Z,EUR/JPY,SELL,2023-11-13T07:47:00.000Z,winter,07:45,no,yes,,9.999999999999432,9.999999999999432
2023-11-13T07:45:00.000Z,EUR/USD,SELL,2023-11-13T07:47:00.000Z,winter,07:45,no,yes,,11.200000000000099,11.200000000000099
2023-11-13T08:15:00.000Z,AUD/JPY,SELL,2023-11-13T08:17:00.000Z,winter,08:15,no,yes,,9.999999999999432,9.999999999999432
2023-11-13T08:15:00.000Z,AUD/USD,SELL,2023-11-13T08:17:00.000Z,winter,08:15,no,yes,,6.150000000000322,5.800000000000249
2023-11-13T08:45:00.000Z,EUR/JPY,SELL,2023-11-13T08:47:00.000Z,winter,08:45,no,yes,,10.099999999999909,10.099999999999909
2023-11-13T10:00:00.000Z,AUD/JPY,SELL,2023-11-13T10:02:00.000Z,winter,10:00,no,yes,,9.999999999999432,9.999999999999432
2023-11-13T10:00:00.000Z,AUD/USD,SELL,2023-11-13T10:02:00.000Z,winter,10:00,no,yes,,10.000000000000009,10.000000000000009
2023-11-13T13:30:00.000Z,EUR/USD,BUY,2023-11-13T13:32:00.000Z,winter,13:30,no,yes,,9.999999999998899,9.999999999998899
2023-11-13T13:45:00.000Z,EUR/JPY,BUY,2023-11-13T13:47:00.000Z,winter,13:45,no,yes,,9.999999999999432,9.999999999999432
2023-11-13T15:30:00.000Z,USD/JPY,BUY,2023-11-13T15:32:00.000Z,winter,15:30,no,yes,,9.999999999999432,9.999999999999432
2023-11-14T08:15:00.000Z,EUR/USD,SELL,2023-11-14T08:17:00.000Z,winter,08:15,no,yes,,-174.9500000000004,-175.1999999999998
2023-11-14T11:00:00.000Z,EUR/USD,SELL,2023-11-14T11:02:00.000Z,winter,11:00,no,yes,,-135.60000000000016,-135.8999999999999
2023-11-14T11:30:00.000Z,EUR/JPY,SELL,2023-11-14T11:32:00.000Z,winter,11:30,no,yes,,-72.80000000000086,-73.20000000000277
2023-11-14T13:00:00.000Z,EUR/JPY,SELL,2023-11-14T13:02:00.000Z,winter,13:00,no,yes,,-69.80000000000075,-70.19999999999982
2023-11-14T13:00:00.000Z,EUR/USD,SELL,2023-11-14T13:02:00.000Z,winter,13:00,no,yes,,-138.74999999999858,-139.00000000000023
2023-11-14T16:30:00.000Z,USD/JPY,BUY,2023-11-14T16:32:00.000Z,winter,16:30,no,yes,,12.299999999999045,12.299999999999045
2023-11-14T18:15:00.000Z,EUR/JPY,SELL,2023-11-14T18:17:00.000Z,winter,18:15,no,yes,,9.999999999999432,9.999999999999432
2023-11-14T18:15:00.000Z,AUD/JPY,SELL,2023-11-14T18:17:00.000Z,winter,18:15,no,yes,,10.899999999999466,10.899999999999466
2023-11-14T19:15:00.000Z,AUD/JPY,SELL,2023-11-14T19:17:00.000Z,winter,19:15,no,yes,,9.999999999999432,9.999999999999432
2023-11-14T20:15:00.000Z,AUD/JPY,SELL,2023-11-14T20:17:00.000Z,winter,20:15,no,yes,,9.999999999999432,9.999999999999432
2023-11-14T21:15:00.000Z,EUR/USD,SELL,2023-11-14T21:17:00.000Z,winter,21:15,yes,yes,,9.999999999998899,9.999999999998899
2023-11-14T21:15:00.000Z,AUD/USD,SELL,2023-11-14T21:17:00.000Z,winter,21:15,yes,yes,,10.000000000000009,10.000000000000009
2023-11-14T21:30:00.000Z,USD/JPY,BUY,2023-11-14T21:32:00.000Z,winter,21:30,yes,yes,,11.899999999999977,11.899999999999977
2023-11-14T22:15:00.000Z,AUD/USD,SELL,2023-11-14T22:17:00.000Z,winter,22:15,yes,yes,,10.000000000000009,10.000000000000009
2023-11-15T03:15:00.000Z,AUD/JPY,SELL,2023-11-15T03:17:00.000Z,winter,03:15,no,yes,,11.999999999999034,11.999999999999034
2023-11-15T10:00:00.000Z,EUR/USD,BUY,2023-11-15T10:02:00.000Z,winter,10:00,no,yes,,9.999999999998899,9.999999999998899
2023-11-15T10:15:00.000Z,EUR/JPY,BUY,2023-11-15T10:17:00.000Z,winter,10:15,no,yes,,9.999999999999432,9.999999999999432
2023-11-15T10:45:00.000Z,EUR/JPY,BUY,2023-11-15T10:47:00.000Z,winter,10:45,no,yes,,0,0
2023-11-15T12:15:00.000Z,USD/JPY,BUY,2023-11-15T12:17:00.000Z,winter,12:15,no,yes,,9.999999999999432,9.999999999999432
2023-11-15T12:30:00.000Z,AUD/USD,SELL,2023-11-15T12:32:00.000Z,winter,12:30,no,yes,,10.000000000000009,10.000000000000009
2023-11-15T15:30:00.000Z,USD/JPY,SELL,2023-11-15T15:32:00.000Z,winter,15:30,no,yes,,12.100000000000932,12.100000000000932
2023-11-15T20:15:00.000Z,USD/JPY,SELL,2023-11-15T20:17:00.000Z,winter,20:15,no,yes,,9.999999999999432,9.999999999999432
2023-11-15T20:15:00.000Z,EUR/JPY,SELL,2023-11-15T20:17:00.000Z,winter,20:15,no,yes,,9.999999999999432,9.999999999999432
2023-11-15T21:15:00.000Z,USD/JPY,SELL,2023-11-15T21:17:00.000Z,winter,21:15,yes,yes,,9.999999999999432,9.999999999999432
2023-11-15T22:15:00.000Z,EUR/JPY,SELL,2023-11-15T22:17:00.000Z,winter,22:15,yes,yes,,9.999999999999432,9.999999999999432
2023-11-16T03:15:00.000Z,EUR/USD,BUY,2023-11-16T03:17:00.000Z,winter,03:15,no,yes,,10.899999999998133,10.899999999998133
2023-11-16T03:45:00.000Z,EUR/USD,BUY,2023-11-16T03:47:00.000Z,winter,03:45,no,yes,,9.999999999998899,9.999999999998899
2023-11-16T04:30:00.000Z,AUD/JPY,BUY,2023-11-16T04:32:00.000Z,winter,04:30,no,yes,,9.999999999999432,9.999999999999432
2023-11-16T04:30:00.000Z,AUD/USD,BUY,2023-11-16T04:32:00.000Z,winter,04:30,no,yes,,10.000000000000009,10.000000000000009
2023-11-16T09:15:00.000Z,EUR/JPY,SELL,2023-11-16T09:17:00.000Z,winter,09:15,no,yes,,11.199999999999477,11.199999999999477
2023-11-16T09:45:00.000Z,EUR/USD,SELL,2023-11-16T09:47:00.000Z,winter,09:45,no,yes,,9.999999999998899,9.999999999998899
2023-11-16T09:45:00.000Z,AUD/USD,SELL,2023-11-16T09:47:00.000Z,winter,09:45,no,yes,,10.000000000000009,10.000000000000009
2023-11-16T14:15:00.000Z,EUR/USD,SELL,2023-11-16T14:17:00.000Z,winter,14:15,no,yes,,12.599999999998168,12.599999999998168
2023-11-16T14:30:00.000Z,USD/JPY,BUY,2023-11-16T14:32:00.000Z,winter,14:30,no,yes,,-120.60000000000173,-120.90000000000032
2023-11-16T14:45:00.000Z,AUD/JPY,BUY,2023-11-16T14:47:00.000Z,winter,14:45,no,yes,,-62.54999999999882,-63.19999999999908
2023-11-16T15:45:00.000Z,USD/JPY,BUY,2023-11-16T15:47:00.000Z,winter,15:45,no,yes,,12.79999999999859,12.79999999999859
2023-11-16T15:45:00.000Z,EUR/USD,SELL,2023-11-16T15:47:00.000Z,winter,15:45,no,yes,,9.999999999998899,9.999999999998899
2023-11-16T16:30:00.000Z,USD/JPY,BUY,2023-11-16T16:32:00.000Z,winter,16:30,no,yes,,13.999999999998636,13.999999999998636
2023-11-16T17:15:00.000Z,EUR/JPY,BUY,2023-11-16T17:17:00.000Z,winter,17:15,no,yes,,9.999999999999432,9.999999999999432
2023-11-16T17:15:00.000Z,AUD/JPY,BUY,2023-11-16T17:17:00.000Z,winter,17:15,no,yes,,9.999999999999432,9.999999999999432
2023-11-17T03:00:00.000Z,AUD/JPY,BUY,2023-11-17T03:02:00.000Z,winter,03:00,no,no,friday,9.999999999999432,9.999999999999432
2023-11-17T08:00:00.000Z,EUR/USD,BUY,2023-11-17T08:02:00.000Z,winter,08:00,no,no,friday,14.599999999997948,14.599999999997948
2023-11-17T08:30:00.000Z,EUR/USD,BUY,2023-11-17T08:32:00.000Z,winter,08:30,no,no,friday,13.099999999999223,13.099999999999223
2023-11-17T09:45:00.000Z,AUD/JPY,BUY,2023-11-17T09:47:00.000Z,winter,09:45,no,no,friday,10.899999999999466,10.899999999999466
2023-11-17T11:15:00.000Z,EUR/JPY,BUY,2023-11-17T11:17:00.000Z,winter,11:15,no,no,friday,9.999999999999432,9.999999999999432
2023-11-17T11:30:00.000Z,AUD/USD,SELL,2023-11-17T11:32:00.000Z,winter,11:30,no,no,friday,10.000000000000009,10.000000000000009
2023-11-17T11:45:00.000Z,USD/JPY,BUY,2023-11-17T11:47:00.000Z,winter,11:45,no,no,friday,17.69999999999925,17.69999999999925
2023-11-17T13:00:00.000Z,USD/JPY,BUY,2023-11-17T13:02:00.000Z,winter,13:00,no,no,friday,9.999999999999432,9.999999999999432
2023-11-17T13:00:00.000Z,EUR/JPY,BUY,2023-11-17T13:02:00.000Z,winter,13:00,no,no,friday,0,0
2023-11-17T13:30:00.000Z,USD/JPY,BUY,2023-11-17T13:32:00.000Z,winter,13:30,no,no,friday,9.999999999999432,9.999999999999432
2023-11-17T19:15:00.000Z,EUR/USD,SELL,2023-11-17T19:17:00.000Z,winter,19:15,no,no,friday,-7.299999999998974,-9.600000000000719
2023-11-19T22:15:00.000Z,EUR/JPY,SELL,2023-11-19T22:17:00.000Z,winter,22:15,yes,yes,,9.999999999999432,9.999999999999432
2023-11-19T22:45:00.000Z,EUR/USD,SELL,2023-11-19T22:47:00.000Z,winter,22:45,yes,yes,,9.999999999998899,9.999999999998899
2023-11-19T23:15:00.000Z,EUR/USD,SELL,2023-11-19T23:17:00.000Z,winter,23:15,yes,yes,,-35.050000000000914,-35.30000000000033
2023-11-20T00:15:00.000Z,EUR/JPY,SELL,2023-11-20T00:17:00.000Z,winter,00:15,no,yes,,10.3999999999985,10.3999999999985
2023-11-20T03:15:00.000Z,EUR/JPY,BUY,2023-11-20T03:17:00.000Z,winter,03:15,no,yes,,-89.79999999999961,-90.19999999999868
2023-11-20T03:15:00.000Z,EUR/USD,SELL,2023-11-20T03:17:00.000Z,winter,03:15,no,yes,,-41.64999999999974,-41.89999999999916
2023-11-20T03:15:00.000Z,AUD/USD,SELL,2023-11-20T03:17:00.000Z,winter,03:15,no,yes,,-39.84999999999905,-40.099999999999575
2023-11-20T04:30:00.000Z,EUR/JPY,BUY,2023-11-20T04:32:00.000Z,winter,04:30,no,yes,,10.300000000000864,10.300000000000864
2023-11-20T04:45:00.000Z,USD/JPY,BUY,2023-11-20T04:47:00.000Z,winter,04:45,no,yes,,9.999999999999432,9.999999999999432
2023-11-20T04:45:00.000Z,AUD/USD,SELL,2023-11-20T04:47:00.000Z,winter,04:45,no,yes,,10.000000000000009,10.000000000000009
2023-11-20T05:00:00.000Z,EUR/USD,SELL,2023-11-20T05:02:00.000Z,winter,05:00,no,yes,,-36.25000000000211,-36.50000000000153
2023-11-20T08:30:00.000Z,USD/JPY,BUY,2023-11-20T08:32:00.000Z,winter,08:30,no,yes,,-165.80000000000155,-166.10000000000014
2023-11-20T08:30:00.000Z,EUR/JPY,BUY,2023-11-20T08:32:00.000Z,winter,08:30,no,yes,,-133.29999999999984,-133.89999999999986
2023-11-20T10:00:00.000Z,AUD/JPY,BUY,2023-11-20T10:02:00.000Z,winter,10:00,no,yes,,9.999999999999432,9.999999999999432
2023-11-20T10:15:00.000Z,USD/JPY,BUY,2023-11-20T10:17:00.000Z,winter,10:15,no,yes,,11.099999999999,11.099999999999
2023-11-20T11:30:00.000Z,USD/JPY,BUY,2023-11-20T11:32:00.000Z,winter,11:30,no,yes,,12.399999999999523,12.399999999999523
2023-11-20T12:15:00.000Z,USD/JPY,BUY,2023-11-20T12:17:00.000Z,winter,12:15,no,yes,,11.600000000001387,11.600000000001387
2023-11-20T12:15:00.000Z,EUR/JPY,BUY,2023-11-20T12:17:00.000Z,winter,12:15,no,yes,,10.200000000000387,10.200000000000387
2023-11-20T12:15:00.000Z,AUD/JPY,BUY,2023-11-20T12:17:00.000Z,winter,12:15,no,yes,,11.499999999999488,11.499999999999488
2023-11-21T01:45:00.000Z,EUR/USD,SELL,2023-11-21T01:47:00.000Z,winter,01:45,no,yes,,12.199999999997768,12.199999999997768
2023-11-21T03:00:00.000Z,USD/JPY,BUY,2023-11-21T03:02:00.000Z,winter,03:00,no,yes,,9.999999999999432,9.999999999999432
2023-11-21T04:15:00.000Z,EUR/JPY,BUY,2023-11-21T04:17:00.000Z,winter,04:15,no,yes,,15.399999999996794,15.399999999996794
2023-11-21T04:30:00.000Z,EUR/USD,SELL,2023-11-21T04:32:00.000Z,winter,04:30,no,yes,,10.999999999998789,10.999999999998789
2023-11-21T05:00:00.000Z,USD/JPY,BUY,2023-11-21T05:02:00.000Z,winter,05:00,no,yes,,9.999999999999432,9.999999999999432
2023-11-21T05:00:00.000Z,EUR/JPY,BUY,2023-11-21T05:02:00.000Z,winter,05:00,no,yes,,9.999999999999432,9.999999999999432
2023-11-21T19:15:00.000Z,EUR/USD,BUY,2023-11-21T19:17:00.000Z,winter,19:15,no,yes,,10.799999999999699,10.799999999999699
2023-11-21T20:00:00.000Z,USD/JPY,SELL,2023-11-21T20:02:00.000Z,winter,20:00,no,yes,,9.999999999999432,9.999999999999432
2023-11-22T06:45:00.000Z,EUR/USD,BUY,2023-11-22T06:47:00.000Z,winter,06:45,no,yes,,10.699999999999044,10.699999999999044
2023-11-22T07:00:00.000Z,AUD/USD,BUY,2023-11-22T07:02:00.000Z,winter,07:00,no,yes,,10.000000000000009,10.000000000000009
2023-11-22T09:15:00.000Z,EUR/USD,BUY,2023-11-22T09:17:00.000Z,winter,09:15,no,yes,,10.199999999997988,10.199999999997988
2023-11-22T09:30:00.000Z,EUR/JPY,SELL,2023-11-22T09:32:00.000Z,winter,09:30,no,yes,,9.999999999999432,9.999999999999432
2023-11-22T09:45:00.000Z,USD/JPY,SELL,2023-11-22T09:47:00.000Z,winter,09:45,no,yes,,9.999999999999432,9.999999999999432
2023-11-22T10:30:00.000Z,AUD/JPY,SELL,2023-11-22T10:32:00.000Z,winter,10:30,no,yes,,10.500000000000398,10.500000000000398
2023-11-22T11:00:00.000Z,AUD/JPY,SELL,2023-11-22T11:02:00.000Z,winter,11:00,no,yes,,9.999999999999432,9.999999999999432
2023-11-22T15:30:00.000Z,EUR/USD,BUY,2023-11-22T15:32:00.000Z,winter,15:30,no,yes,,9.999999999998899,9.999999999998899
2023-11-22T16:45:00.000Z,USD/JPY,SELL,2023-11-22T16:47:00.000Z,winter,16:45,no,yes,,14.799999999999613,14.799999999999613
2023-11-22T19:15:00.000Z,EUR/JPY,SELL,2023-11-22T19:17:00.000Z,winter,19:15,no,yes,,9.999999999999432,9.999999999999432
2023-11-23T00:45:00.000Z,USD/JPY,BUY,2023-11-23T00:47:00.000Z,winter,00:45,no,yes,,9.999999999999432,9.999999999999432
2023-11-23T01:30:00.000Z,USD/JPY,BUY,2023-11-23T01:32:00.000Z,winter,01:30,no,yes,,9.999999999999432,9.999999999999432
2023-11-23T02:30:00.000Z,USD/JPY,BUY,2023-11-23T02:32:00.000Z,winter,02:30,no,yes,,9.999999999999432,9.999999999999432
2023-11-23T02:30:00.000Z,EUR/USD,SELL,2023-11-23T02:32:00.000Z,winter,02:30,no,yes,,9.999999999998899,9.999999999998899
2023-11-23T02:30:00.000Z,AUD/USD,SELL,2023-11-23T02:32:00.000Z,winter,02:30,no,yes,,-3.5500000000010523,-3.8000000000004697
2023-11-23T03:30:00.000Z,EUR/USD,SELL,2023-11-23T03:32:00.000Z,winter,03:30,no,yes,,9.999999999998899,9.999999999998899
2023-11-23T04:15:00.000Z,EUR/USD,SELL,2023-11-23T04:17:00.000Z,winter,04:15,no,yes,,9.999999999998899,9.999999999998899
2023-11-23T06:45:00.000Z,USD/JPY,BUY,2023-11-23T06:47:00.000Z,winter,06:45,no,yes,,0,0
2023-11-23T06:45:00.000Z,EUR/USD,SELL,2023-11-23T06:47:00.000Z,winter,06:45,no,yes,,9.999999999998899,9.999999999998899
2023-11-23T07:00:00.000Z,AUD/USD,SELL,2023-11-23T07:02:00.000Z,winter,07:00,no,yes,,10.000000000000009,10.000000000000009
2023-11-23T07:45:00.000Z,AUD/USD,SELL,2023-11-23T07:47:00.000Z,winter,07:45,no,yes,,13.199999999999878,13.199999999999878
2023-11-23T08:15:00.000Z,AUD/JPY,SELL,2023-11-23T08:17:00.000Z,winter,08:15,no,yes,,-14.750000000000796,-15.200000000000102
2023-11-23T10:15:00.000Z,EUR/JPY,SELL,2023-11-23T10:17:00.000Z,winter,10:15,no,yes,,15.799999999998704,15.799999999998704
2023-11-23T13:30:00.000Z,USD/JPY,SELL,2023-11-23T13:32:00.000Z,winter,13:30,no,yes,,11.499999999998067,11.499999999998067
2023-11-23T14:30:00.000Z,USD/JPY,SELL,2023-11-23T14:32:00.000Z,winter,14:30,no,yes,,9.999999999999432,9.999999999999432
2023-11-23T15:30:00.000Z,USD/JPY,SELL,2023-11-23T15:32:00.000Z,winter,15:30,no,yes,,9.999999999999432,9.999999999999432
2023-11-23T15:45:00.000Z,AUD/JPY,SELL,2023-11-23T15:47:00.000Z,winter,15:45,no,yes,,9.999999999999432,9.999999999999432
2023-11-24T05:30:00.000Z,USD/JPY,BUY,2023-11-24T05:32:00.000Z,winter,05:30,no,no,friday,12.299999999999045,12.299999999999045
2023-11-24T05:30:00.000Z,EUR/JPY,BUY,2023-11-24T05:32:00.000Z,winter,05:30,no,no,friday,10.80000000000041,10.80000000000041
2023-11-24T09:15:00.000Z,EUR/JPY,SELL,2023-11-24T09:17:00.000Z,winter,09:15,no,no,friday,9.999999999999432,9.999999999999432
2023-11-24T09:30:00.000Z,EUR/USD,SELL,2023-11-24T09:32:00.000Z,winter,09:30,no,no,friday,-34.29999999999822,-37.39999999999854
2023-11-24T12:45:00.000Z,EUR/USD,SELL,2023-11-24T12:47:00.000Z,winter,12:45,no,no,friday,9.999999999998899,9.999999999998899
2023-11-24T15:30:00.000Z,EUR/USD,SELL,2023-11-24T15:32:00.000Z,winter,15:30,no,no,friday,-6.799999999997919,-9.899999999998244
2023-11-24T15:30:00.000Z,AUD/USD,SELL,2023-11-24T15:32:00.000Z,winter,15:30,no,no,friday,-5.450000000000177,-7.500000000000284
2023-11-24T16:00:00.000Z,AUD/USD,SELL,2023-11-24T16:02:00.000Z,winter,16:00,no,no,friday,-2.5500000000000522,-4.6000000000001595
2023-11-24T16:30:00.000Z,EUR/JPY,SELL,2023-11-24T16:32:00.000Z,winter,16:30,no,no,friday,-1.649999999997931,-8.29999999999984
2023-11-24T16:30:00.000Z,AUD/JPY,SELL,2023-11-24T16:32:00.000Z,winter,16:30,no,no,friday,1.650000000000773,-1.5999999999991132
2023-11-24T17:30:00.000Z,AUD/JPY,SELL,2023-11-24T17:32:00.000Z,winter,17:30,no,no,friday,2.250000000000796,-0.9999999999990905
2023-11-24T19:00:00.000Z,EUR/JPY,SELL,2023-11-24T19:02:00.000Z,winter,19:00,no,no,friday,4.550000000003251,-2.0999999999986585
2023-11-27T02:15:00.000Z,USD/JPY,BUY,2023-11-27T02:17:00.000Z,winter,02:15,no,yes,,-97.64999999999873,-97.70000000000039
2023-11-27T02:15:00.000Z,EUR/JPY,BUY,2023-11-27T02:17:00.000Z,winter,02:15,no,yes,,9.999999999999432,9.999999999999432
2023-11-27T03:30:00.000Z,USD/JPY,BUY,2023-11-27T03:32:00.000Z,winter,03:30,no,yes,,13.899999999998158,13.899999999998158
2023-11-27T04:00:00.000Z,USD/JPY,BUY,2023-11-27T04:02:00.000Z,winter,04:00,no,yes,,9.999999999999432,9.999999999999432
2023-11-27T04:15:00.000Z,EUR/JPY,BUY,2023-11-27T04:17:00.000Z,winter,04:15,no,yes,,10.400000000001342,10.400000000001342
2023-11-27T04:45:00.000Z,EUR/JPY,BUY,2023-11-27T04:47:00.000Z,winter,04:45,no,yes,,9.999999999999432,9.999999999999432
2023-11-27T05:00:00.000Z,AUD/JPY,BUY,2023-11-27T05:02:00.000Z,winter,05:00,no,yes,,9.999999999999432,9.999999999999432
2023-11-27T09:30:00.000Z,AUD/JPY,SELL,2023-11-27T09:32:00.000Z,winter,09:30,no,yes,,13.19999999999908,13.19999999999908
2023-11-27T10:15:00.000Z,AUD/JPY,SELL,2023-11-27T10:17:00.000Z,winter,10:15,no,yes,,10.299999999999443,10.299999999999443
2023-11-27T15:00:00.000Z,EUR/JPY,BUY,2023-11-27T15:02:00.000Z,winter,15:00,no,yes,,15.299999999999159,15.299999999999159
2023-11-27T23:45:00.000Z,USD/JPY,BUY,2023-11-27T23:47:00.000Z,winter,23:45,yes,yes,,10.200000000000387,10.200000000000387
2023-11-28T01:00:00.000Z,AUD/JPY,BUY,2023-11-28T01:02:00.000Z,winter,01:00,no,yes,,9.999999999999432,9.999999999999432
2023-11-28T01:30:00.000Z,USD/JPY,BUY,2023-11-28T01:32:00.000Z,winter,01:30,no,yes,,9.999999999999432,9.999999999999432
2023-11-28T01:30:00.000Z,EUR/JPY,BUY,2023-11-28T01:32:00.000Z,winter,01:30,no,yes,,9.999999999999432,9.999999999999432
2023-11-28T01:30:00.000Z,AUD/USD,SELL,2023-11-28T01:32:00.000Z,winter,01:30,no,yes,,10.000000000000009,10.000000000000009
2023-11-28T03:00:00.000Z,AUD/USD,SELL,2023-11-28T03:02:00.000Z,winter,03:00,no,yes,,-33.050000000000026,-33.30000000000055
2023-11-28T08:15:00.000Z,EUR/USD,BUY,2023-11-28T08:17:00.000Z,winter,08:15,no,yes,,11.699999999998933,11.699999999998933
2023-11-28T09:00:00.000Z,USD/JPY,SELL,2023-11-28T09:02:00.000Z,winter,09:00,no,yes,,9.999999999999432,9.999999999999432
2023-11-28T16:00:00.000Z,USD/JPY,BUY,2023-11-28T16:02:00.000Z,winter,16:00,no,yes,,-50.200000000000955,-50.29999999999859
2023-11-28T16:00:00.000Z,EUR/USD,SELL,2023-11-28T16:02:00.000Z,winter,16:00,no,yes,,9.999999999998899,9.999999999998899
2023-11-28T16:00:00.000Z,AUD/USD,SELL,2023-11-28T16:02:00.000Z,winter,16:00,no,yes,,10.000000000000009,10.000000000000009
2023-11-28T17:00:00.000Z,EUR/JPY,BUY,2023-11-28T17:02:00.000Z,winter,17:00,no,yes,,-53.999999999999204,-54.400000000001114
2023-11-28T17:45:00.000Z,USD/JPY,BUY,2023-11-28T17:47:00.000Z,winter,17:45,no,yes,,9.999999999999432,9.999999999999432
2023-11-28T17:45:00.000Z,EUR/USD,SELL,2023-11-28T17:47:00.000Z,winter,17:45,no,yes,,11.299999999998533,11.299999999998533
2023-11-28T17:45:00.000Z,AUD/USD,SELL,2023-11-28T17:47:00.000Z,winter,17:45,no,yes,,10.299999999999754,10.299999999999754
2023-11-28T18:45:00.000Z,AUD/JPY,BUY,2023-11-28T18:47:00.000Z,winter,18:45,no,yes,,-49.54999999999927,-50.30000000000001
2023-11-28T20:45:00.000Z,EUR/JPY,BUY,2023-11-28T20:47:00.000Z,winter,20:45,yes,yes,,9.999999999999432,9.999999999999432
2023-11-28T23:45:00.000Z,EUR/JPY,BUY,2023-11-28T23:47:00.000Z,winter,23:45,yes,yes,,9.999999999999432,9.999999999999432
2023-11-28T23:45:00.000Z,AUD/JPY,BUY,2023-11-28T23:47:00.000Z,winter,23:45,yes,yes,,-61.89999999999998,-62.599999999999056
2023-11-29T00:15:00.000Z,USD/JPY,BUY,2023-11-29T00:17:00.000Z,winter,00:15,no,yes,,9.999999999999432,9.999999999999432
2023-11-29T01:15:00.000Z,AUD/JPY,BUY,2023-11-29T01:17:00.000Z,winter,01:15,no,yes,,-51.200000000000045,-51.69999999999959
2023-11-29T01:30:00.000Z,EUR/JPY,BUY,2023-11-29T01:32:00.000Z,winter,01:30,no,yes,,9.999999999999432,9.999999999999432
2023-11-29T01:30:00.000Z,AUD/USD,SELL,2023-11-29T01:32:00.000Z,winter,01:30,no,yes,,0,0
2023-11-29T02:00:00.000Z,USD/JPY,BUY,2023-11-29T02:02:00.000Z,winter,02:00,no,yes,,9.999999999999432,9.999999999999432
2023-11-29T08:15:00.000Z,AUD/USD,BUY,2023-11-29T08:17:00.000Z,winter,08:15,no,yes,,10.000000000000009,10.000000000000009
2023-11-29T11:15:00.000Z,USD/JPY,SELL,2023-11-29T11:17:00.000Z,winter,11:15,no,yes,,11.999999999997613,11.999999999997613
2023-11-29T14:30:00.000Z,AUD/USD,BUY,2023-11-29T14:32:00.000Z,winter,14:30,no,yes,,10.000000000000009,10.000000000000009
2023-11-29T23:30:00.000Z,EUR/JPY,BUY,2023-11-29T23:32:00.000Z,winter,23:30,yes,yes,,9.999999999999432,9.999999999999432
2023-11-30T03:15:00.000Z,AUD/USD,SELL,2023-11-30T03:17:00.000Z,winter,03:15,no,yes,,10.000000000000009,10.000000000000009
2023-11-30T05:15:00.000Z,AUD/JPY,SELL,2023-11-30T05:17:00.000Z,winter,05:15,no,yes,,9.999999999999432,9.999999999999432
2023-11-30T05:30:00.000Z,AUD/USD,SELL,2023-11-30T05:32:00.000Z,winter,05:30,no,yes,,10.000000000000009,10.000000000000009
2023-11-30T09:00:00.000Z,EUR/JPY,BUY,2023-11-30T09:02:00.000Z,winter,09:00,no,yes,,16.900000000001114,16.900000000001114
2023-11-30T09:30:00.000Z,EUR/USD,BUY,2023-11-30T09:32:00.000Z,winter,09:30,no,yes,,9.999999999998899,9.999999999998899
2023-11-30T10:45:00.000Z,USD/JPY,SELL,2023-11-30T10:47:00.000Z,winter,10:45,no,yes,,9.999999999999432,9.999999999999432
2023-11-30T10:45:00.000Z,EUR/USD,BUY,2023-11-30T10:47:00.000Z,winter,10:45,no,yes,,9.999999999998899,9.999999999998899
2023-11-30T10:45:00.000Z,AUD/USD,BUY,2023-11-30T10:47:00.000Z,winter,10:45,no,yes,,10.000000000000009,10.000000000000009
2023-11-30T11:45:00.000Z,USD/JPY,SELL,2023-11-30T11:47:00.000Z,winter,11:45,no,yes,,9.999999999999432,9.999999999999432
2023-11-30T11:45:00.000Z,EUR/USD,BUY,2023-11-30T11:47:00.000Z,winter,11:45,no,yes,,9.999999999998899,9.999999999998899
2023-11-30T11:45:00.000Z,AUD/USD,BUY,2023-11-30T11:47:00.000Z,winter,11:45,no,yes,,10.000000000000009,10.000000000000009
2023-11-30T12:15:00.000Z,USD/JPY,SELL,2023-11-30T12:17:00.000Z,winter,12:15,no,yes,,12.09999999999809,12.09999999999809
2023-11-30T15:30:00.000Z,EUR/JPY,SELL,2023-11-30T15:32:00.000Z,winter,15:30,no,yes,,14.19999999999959,14.19999999999959
2023-11-30T15:45:00.000Z,USD/JPY,SELL,2023-11-30T15:47:00.000Z,winter,15:45,no,yes,,11.599999999998545,11.599999999998545
2023-11-30T16:30:00.000Z,AUD/JPY,SELL,2023-11-30T16:32:00.000Z,winter,16:30,no,yes,,9.999999999999432,9.999999999999432
2023-12-01T01:30:00.000Z,USD/JPY,BUY,2023-12-01T01:32:00.000Z,winter,01:30,no,no,friday,12.399999999999523,12.399999999999523
2023-12-01T02:15:00.000Z,AUD/USD,SELL,2023-12-01T02:17:00.000Z,winter,02:15,no,no,friday,10.000000000000009,10.000000000000009
2023-12-01T09:45:00.000Z,EUR/JPY,BUY,2023-12-01T09:47:00.000Z,winter,09:45,no,no,friday,15.499999999997272,15.499999999997272
2023-12-01T10:00:00.000Z,AUD/USD,SELL,2023-12-01T10:02:00.000Z,winter,10:00,no,no,friday,10.000000000000009,10.000000000000009
2023-12-01T15:45:00.000Z,USD/JPY,BUY,2023-12-01T15:47:00.000Z,winter,15:45,no,no,friday,9.999999999999432,9.999999999999432
2023-12-01T16:15:00.000Z,EUR/USD,BUY,2023-12-01T16:17:00.000Z,winter,16:15,no,no,friday,9.999999999998899,9.999999999998899
2023-12-01T17:30:00.000Z,USD/JPY,BUY,2023-12-01T17:32:00.000Z,winter,17:30,no,no,friday,-16.34999999999991,-22.30000000000132
2023-12-01T18:45:00.000Z,EUR/JPY,BUY,2023-12-01T18:47:00.000Z,winter,18:45,no,no,friday,-10.80000000000041,-15.800000000001546
2023-12-01T19:15:00.000Z,EUR/JPY,BUY,2023-12-01T19:17:00.000Z,winter,19:15,no,no,friday,-8.899999999999864,-13.900000000001
2023-12-01T19:45:00.000Z,USD/JPY,BUY,2023-12-01T19:47:00.000Z,winter,19:45,no,no,friday,-2.049999999999841,-8.00000000000125
2023-12-01T19:45:00.000Z,EUR/JPY,BUY,2023-12-01T19:47:00.000Z,winter,19:45,no,no,friday,-4.400000000001114,-9.400000000002251
2023-12-01T19:45:00.000Z,AUD/USD,SELL,2023-12-01T19:47:00.000Z,winter,19:45,no,no,friday,-5.249999999999977,-6.900000000000794
2023-12-01T20:30:00.000Z,EUR/JPY,BUY,2023-12-01T20:32:00.000Z,winter,20:30,yes,no,friday,0,0
2023-12-03T22:15:00.000Z,AUD/USD,SELL,2023-12-03T22:17:00.000Z,winter,22:15,yes,yes,,10.000000000000009,10.000000000000009
2023-12-03T23:45:00.000Z,USD/JPY,BUY,2023-12-03T23:47:00.000Z,winter,23:45,yes,yes,,15.499999999997272,15.499999999997272
2023-12-03T23:45:00.000Z,EUR/JPY,BUY,2023-12-03T23:47:00.000Z,winter,23:45,yes,yes,,13.49999999999909,13.49999999999909
2023-12-03T23:45:00.000Z,AUD/USD,SELL,2023-12-03T23:47:00.000Z,winter,23:45,yes,yes,,11.100000000000554,11.100000000000554
2023-12-04T00:45:00.000Z,USD/JPY,BUY,2023-12-04T00:47:00.000Z,winter,00:45,no,yes,,9.999999999999432,9.999999999999432
2023-12-04T01:15:00.000Z,EUR/JPY,BUY,2023-12-04T01:17:00.000Z,winter,01:15,no,yes,,10.699999999999932,10.699999999999932
2023-12-04T07:30:00.000Z,AUD/JPY,BUY,2023-12-04T07:32:00.000Z,winter,07:30,no,yes,,-94.64999999999861,-95.19999999999982
2023-12-04T08:00:00.000Z,AUD/JPY,BUY,2023-12-04T08:02:00.000Z,winter,08:00,no,yes,,-103.54999999999848,-104.09999999999968
2023-12-04T08:15:00.000Z,EUR/USD,BUY,2023-12-04T08:17:00.000Z,winter,08:15,no,yes,,11.399999999999189,11.399999999999189
2023-12-04T08:45:00.000Z,AUD/USD,BUY,2023-12-04T08:47:00.000Z,winter,08:45,no,yes,,10.000000000000009,10.000000000000009
2023-12-04T09:30:00.000Z,AUD/JPY,BUY,2023-12-04T09:32:00.000Z,winter,09:30,no,yes,,-72.49999999999943,-72.89999999999992
2023-12-04T14:45:00.000Z,EUR/USD,BUY,2023-12-04T14:47:00.000Z,winter,14:45,no,yes,,9.999999999998899,9.999999999998899
2023-12-04T14:45:00.000Z,AUD/USD,BUY,2023-12-04T14:47:00.000Z,winter,14:45,no,yes,,-78.40000000000069,-78.90000000000063
2023-12-04T15:30:00.000Z,EUR/JPY,BUY,2023-12-04T15:32:00.000Z,winter,15:30,no,yes,,9.999999999999432,9.999999999999432
2023-12-04T16:00:00.000Z,EUR/USD,BUY,2023-12-04T16:02:00.000Z,winter,16:00,no,yes,,9.999999999998899,9.999999999998899
2023-12-04T16:00:00.000Z,AUD/USD,BUY,2023-12-04T16:02:00.000Z,winter,16:00,no,yes,,-54.500000000000654,-55.000000000000604
2023-12-05T03:15:00.000Z,AUD/JPY,BUY,2023-12-05T03:17:00.000Z,winter,03:15,no,yes,,-12.849999999998829,-13.299999999999557
2023-12-05T03:15:00.000Z,AUD/USD,BUY,2023-12-05T03:17:00.000Z,winter,03:15,no,yes,,-12.149999999999661,-12.499999999999734
2023-12-05T04:15:00.000Z,AUD/USD,BUY,2023-12-05T04:17:00.000Z,winter,04:15,no,yes,,10.600000000000609,10.600000000000609
2023-12-05T07:00:00.000Z,USD/JPY,BUY,2023-12-05T07:02:00.000Z,winter,07:00,no,yes,,9.999999999999432,9.999999999999432
2023-12-05T07:00:00.000Z,EUR/JPY,BUY,2023-12-05T07:02:00.000Z,winter,07:00,no,yes,,15.199999999998681,15.199999999998681
2023-12-05T07:00:00.000Z,AUD/JPY,BUY,2023-12-05T07:02:00.000Z,winter,07:00,no,yes,,9.999999999999432,9.999999999999432
2023-12-05T07:45:00.000Z,AUD/JPY,BUY,2023-12-05T07:47:00.000Z,winter,07:45,no,yes,,13.799999999999102,13.799999999999102
2023-12-05T08:15:00.000Z,AUD/JPY,BUY,2023-12-05T08:17:00.000Z,winter,08:15,no,yes,,9.999999999999432,9.999999999999432
2023-12-05T08:30:00.000Z,EUR/JPY,BUY,2023-12-05T08:32:00.000Z,winter,08:30,no,yes,,9.999999999999432,9.999999999999432
2023-12-05T08:30:00.000Z,EUR/USD,BUY,2023-12-05T08:32:00.000Z,winter,08:30,no,yes,,9.999999999998899,9.999999999998899
2023-12-05T12:00:00.000Z,AUD/USD,BUY,2023-12-05T12:02:00.000Z,winter,12:00,no,yes,,10.000000000000009,10.000000000000009
2023-12-05T14:15:00.000Z,AUD/JPY,BUY,2023-12-05T14:17:00.000Z,winter,14:15,no,yes,,9.999999999999432,9.999999999999432
2023-12-05T15:15:00.000Z,AUD/USD,BUY,2023-12-05T15:17:00.000Z,winter,15:15,no,yes,,10.000000000000009,10.000000000000009
2023-12-05T17:30:00.000Z,EUR/USD,BUY,2023-12-05T17:32:00.000Z,winter,17:30,no,yes,,-5.550000000000832,-5.800000000000249
2023-12-06T04:45:00.000Z,AUD/JPY,SELL,2023-12-06T04:47:00.000Z,winter,04:45,no,yes,,9.999999999999432,9.999999999999432
2023-12-06T04:45:00.000Z,AUD/USD,SELL,2023-12-06T04:47:00.000Z,winter,04:45,no,yes,,10.000000000000009,10.000000000000009
2023-12-06T08:15:00.000Z,USD/JPY,BUY,2023-12-06T08:17:00.000Z,winter,08:15,no,yes,,16.59999999999968,16.59999999999968
2023-12-06T08:45:00.000Z,EUR/JPY,BUY,2023-12-06T08:47:00.000Z,winter,08:45,no,yes,,13.100000000000023,13.100000000000023
2023-12-06T18:30:00.000Z,AUD/JPY,BUY,2023-12-06T18:32:00.000Z,winter,18:30,no,yes,,-178.20000000000107,-178.60000000000014
2023-12-06T20:45:00.000Z,AUD/JPY,BUY,2023-12-06T20:47:00.000Z,winter,20:45,yes,yes,,-168.00000000000068,-170.40000000000077
2023-12-06T22:15:00.000Z,AUD/USD,BUY,2023-12-06T22:17:00.000Z,winter,22:15,yes,yes,,10.000000000000009,10.000000000000009
2023-12-06T22:30:00.000Z,AUD/JPY,BUY,2023-12-06T22:32:00.000Z,winter,22:30,yes,yes,,-131.79999999999978,-136.59999999999997
2023-12-06T23:15:00.000Z,AUD/JPY,BUY,2023-12-06T23:17:00.000Z,winter,23:15,yes,yes,,-149.25000000000068,-149.89999999999952
2023-12-07T00:30:00.000Z,EUR/JPY,BUY,2023-12-07T00:32:00.000Z,winter,00:30,no,yes,,-338.14999999999884,-338.8000000000005
2023-12-07T00:30:00.000Z,AUD/JPY,BUY,2023-12-07T00:32:00.000Z,winter,00:30,no,yes,,-160.29999999999944,-161.099999999999
2023-12-07T02:45:00.000Z,USD/JPY,BUY,2023-12-07T02:47:00.000Z,winter,02:45,no,yes,,9.999999999999432,9.999999999999432
2023-12-07T03:15:00.000Z,EUR/JPY,BUY,2023-12-07T03:17:00.000Z,winter,03:15,no,yes,,-297.80000000000086,-298.599999999999
2023-12-07T04:30:00.000Z,AUD/USD,BUY,2023-12-07T04:32:00.000Z,winter,04:30,no,yes,,11.099999999999444,11.099999999999444
2023-12-07T05:15:00.000Z,AUD/USD,BUY,2023-12-07T05:17:00.000Z,winter,05:15,no,yes,,11.100000000000554,11.100000000000554
2023-12-07T05:30:00.000Z,AUD/JPY,BUY,2023-12-07T05:32:00.000Z,winter,05:30,no,yes,,-70.7499999999996,-71.29999999999939
2023-12-07T06:30:00.000Z,AUD/JPY,BUY,2023-12-07T06:32:00.000Z,winter,06:30,no,yes,,-52.50000000000057,-53.000000000000114
2023-12-07T08:00:00.000Z,AUD/USD,SELL,2023-12-07T08:02:00.000Z,winter,08:00,no,yes,,-52.5500000000001,-52.90000000000017
2023-12-07T08:15:00.000Z,EUR/USD,SELL,2023-12-07T08:17:00.000Z,winter,08:15,no,yes,,9.999999999998899,9.999999999998899
2023-12-07T08:30:00.000Z,AUD/USD,SELL,2023-12-07T08:32:00.000Z,winter,08:30,no,yes,,-43.69999999999985,-44.10000000000025
2023-12-07T08:45:00.000Z,EUR/USD,SELL,2023-12-07T08:47:00.000Z,winter,08:45,no,yes,,10.099999999999554,10.099999999999554
2023-12-07T10:15:00.000Z,AUD/USD,SELL,2023-12-07T10:17:00.000Z,winter,10:15,no,yes,,10.000000000000009,10.000000000000009
2023-12-07T11:15:00.000Z,USD/JPY,BUY,2023-12-07T11:17:00.000Z,winter,11:15,no,yes,,15.800000000001546,15.800000000001546
2023-12-07T11:15:00.000Z,EUR/JPY,BUY,2023-12-07T11:17:00.000Z,winter,11:15,no,yes,,14.599999999998658,14.599999999998658
2023-12-07T11:15:00.000Z,AUD/JPY,BUY,2023-12-07T11:17:00.000Z,winter,11:15,no,yes,,12.999999999999545,12.999999999999545
2023-12-07T14:15:00.000Z,AUD/USD,SELL,2023-12-07T14:17:00.000Z,winter,14:15,no,yes,,10.000000000000009,10.000000000000009
2023-12-07T15:15:00.000Z,USD/JPY,BUY,2023-12-07T15:17:00.000Z,winter,15:15,no,yes,,9.999999999999432,9.999999999999432
2023-12-07T15:15:00.000Z,EUR/JPY,BUY,2023-12-07T15:17:00.000Z,winter,15:15,no,yes,,9.999999999999432,9.999999999999432
2023-12-07T16:30:00.000Z,EUR/JPY,BUY,2023-12-07T16:32:00.000Z,winter,16:30,no,yes,,16.399999999998727,16.399999999998727
2023-12-07T16:30:00.000Z,AUD/USD,SELL,2023-12-07T16:32:00.000Z,winter,16:30,no,yes,,10.999999999999899,10.999999999999899
2023-12-07T17:15:00.000Z,USD/JPY,BUY,2023-12-07T17:17:00.000Z,winter,17:15,no,yes,,17.300000000000182,17.300000000000182
2023-12-07T17:15:00.000Z,AUD/USD,SELL,2023-12-07T17:17:00.000Z,winter,17:15,no,yes,,13.299999999999423,13.299999999999423
2023-12-07T18:30:00.000Z,USD/JPY,BUY,2023-12-07T18:32:00.000Z,winter,18:30,no,yes,,14.6000000000015,14.6000000000015
2023-12-07T18:30:00.000Z,EUR/JPY,BUY,2023-12-07T18:32:00.000Z,winter,18:30,no,yes,,14.799999999999613,14.799999999999613
2023-12-07T18:30:00.000Z,AUD/JPY,BUY,2023-12-07T18:32:00.000Z,winter,18:30,no,yes,,12.999999999999545,12.999999999999545
2023-12-07T18:30:00.000Z,EUR/USD,SELL,2023-12-07T18:32:00.000Z,winter,18:30,no,yes,,9.999999999998899,9.999999999998899
2023-12-07T18:30:00.000Z,AUD/USD,SELL,2023-12-07T18:32:00.000Z,winter,18:30,no,yes,,10.000000000000009,10.000000000000009
2023-12-08T01:30:00.000Z,USD/JPY,BUY,2023-12-08T01:32:00.000Z,winter,01:30,no,no,friday,17.600000000001614,17.600000000001614
2023-12-08T01:30:00.000Z,EUR/JPY,BUY,2023-12-08T01:32:00.000Z,winter,01:30,no,no,friday,15.000000000000568,15.000000000000568
2023-12-08T01:30:00.000Z,AUD/JPY,BUY,2023-12-08T01:32:00.000Z,winter,01:30,no,no,friday,13.599999999999568,13.599999999999568
2023-12-08T11:30:00.000Z,AUD/JPY,SELL,2023-12-08T11:32:00.000Z,winter,11:30,no,no,friday,0,0
2023-12-08T14:45:00.000Z,AUD/JPY,BUY,2023-12-08T14:47:00.000Z,winter,14:45,no,no,friday,9.999999999999432,9.999999999999432
2023-12-08T14:45:00.000Z,EUR/USD,BUY,2023-12-08T14:47:00.000Z,winter,14:45,no,no,friday,11.599999999998278,11.599999999998278
2023-12-08T14:45:00.000Z,AUD/USD,BUY,2023-12-08T14:47:00.000Z,winter,14:45,no,no,friday,10.000000000000009,10.000000000000009
2023-12-11T01:30:00.000Z,AUD/JPY,SELL,2023-12-11T01:32:00.000Z,winter,01:30,no,yes,,9.999999999999432,9.999999999999432
2023-12-11T01:45:00.000Z,USD/JPY,SELL,2023-12-11T01:47:00.000Z,winter,01:45,no,yes,,14.499999999998181,14.499999999998181
2023-12-11T02:15:00.000Z,AUD/USD,BUY,2023-12-11T02:17:00.000Z,winter,02:15,no,yes,,10.000000000000009,10.000000000000009
2023-12-11T02:45:00.000Z,USD/JPY,SELL,2023-12-11T02:47:00.000Z,winter,02:45,no,yes,,9.999999999999432,9.999999999999432
2023-12-11T02:45:00.000Z,EUR/JPY,SELL,2023-12-11T02:47:00.000Z,winter,02:45,no,yes,,9.999999999999432,9.999999999999432
2023-12-11T04:45:00.000Z,USD/JPY,SELL,2023-12-11T04:47:00.000Z,winter,04:45,no,yes,,10.899999999998045,10.899999999998045
2023-12-11T04:45:00.000Z,EUR/JPY,SELL,2023-12-11T04:47:00.000Z,winter,04:45,no,yes,,9.999999999999432,9.999999999999432
2023-12-11T05:00:00.000Z,AUD/USD,BUY,2023-12-11T05:02:00.000Z,winter,05:00,no,yes,,10.000000000000009,10.000000000000009
2023-12-11T06:45:00.000Z,EUR/JPY,SELL,2023-12-11T06:47:00.000Z,winter,06:45,no,yes,,10.499999999998977,10.499999999998977
2023-12-11T08:15:00.000Z,AUD/JPY,SELL,2023-12-11T08:17:00.000Z,winter,08:15,no,yes,,9.999999999999432,9.999999999999432
2023-12-11T08:30:00.000Z,USD/JPY,SELL,2023-12-11T08:32:00.000Z,winter,08:30,no,yes,,10.699999999999932,10.699999999999932
2023-12-11T08:30:00.000Z,EUR/JPY,SELL,2023-12-11T08:32:00.000Z,winter,08:30,no,yes,,12.999999999999545,12.999999999999545
2023-12-11T12:45:00.000Z,AUD/JPY,SELL,2023-12-11T12:47:00.000Z,winter,12:45,no,yes,,9.999999999999432,9.999999999999432
2023-12-12T01:00:00.000Z,AUD/JPY,BUY,2023-12-12T01:02:00.000Z,winter,01:00,no,yes,,9.999999999999432,9.999999999999432
2023-12-12T01:30:00.000Z,AUD/USD,SELL,2023-12-12T01:32:00.000Z,winter,01:30,no,yes,,10.000000000000009,10.000000000000009
2023-12-12T02:00:00.000Z,USD/JPY,BUY,2023-12-12T02:02:00.000Z,winter,02:00,no,yes,,11.699999999999022,11.699999999999022
2023-12-12T02:00:00.000Z,EUR/JPY,BUY,2023-12-12T02:02:00.000Z,winter,02:00,no,yes,,12.600000000000477,12.600000000000477
2023-12-12T02:30:00.000Z,USD/JPY,BUY,2023-12-12T02:32:00.000Z,winter,02:30,no,yes,,9.999999999999432,9.999999999999432
2023-12-12T02:30:00.000Z,EUR/JPY,BUY,2023-12-12T02:32:00.000Z,winter,02:30,no,yes,,9.999999999999432,9.999999999999432
2023-12-12T02:30:00.000Z,AUD/USD,SELL,2023-12-12T02:32:00.000Z,winter,02:30,no,yes,,10.000000000000009,10.000000000000009
2023-12-12T05:30:00.000Z,USD/JPY,BUY,2023-12-12T05:32:00.000Z,winter,05:30,no,yes,,9.999999999999432,9.999999999999432
2023-12-12T05:30:00.000Z,EUR/JPY,BUY,2023-12-12T05:32:00.000Z,winter,05:30,no,yes,,9.999999999999432,9.999999999999432
2023-12-12T06:15:00.000Z,USD/JPY,BUY,2023-12-12T06:17:00.000Z,winter,06:15,no,yes,,12.399999999999523,12.399999999999523
2023-12-12T06:15:00.000Z,EUR/JPY,BUY,2023-12-12T06:17:00.000Z,winter,06:15,no,yes,,12.299999999999045,12.299999999999045
2023-12-12T06:30:00.000Z,AUD/USD,SELL,2023-12-12T06:32:00.000Z,winter,06:30,no,yes,,10.000000000000009,10.000000000000009
2023-12-12T07:30:00.000Z,USD/JPY,BUY,2023-12-12T07:32:00.000Z,winter,07:30,no,yes,,9.999999999999432,9.999999999999432
2023-12-12T07:30:00.000Z,EUR/USD,SELL,2023-12-12T07:32:00.000Z,winter,07:30,no,yes,,10.599999999998388,10.599999999998388
2023-12-12T09:00:00.000Z,EUR/USD,SELL,2023-12-12T09:02:00.000Z,winter,09:00,no,yes,,9.999999999998899,9.999999999998899
2023-12-12T09:45:00.000Z,EUR/USD,SELL,2023-12-12T09:47:00.000Z,winter,09:45,no,yes,,13.299999999998313,13.299999999998313
2023-12-12T11:30:00.000Z,USD/JPY,BUY,2023-12-12T11:32:00.000Z,winter,11:30,no,yes,,15.500000000000114,15.500000000000114
2023-12-12T11:45:00.000Z,EUR/USD,SELL,2023-12-12T11:47:00.000Z,winter,11:45,no,yes,,10.699999999999044,10.699999999999044
2023-12-12T12:00:00.000Z,AUD/JPY,BUY,2023-12-12T12:02:00.000Z,winter,12:00,no,yes,,10.099999999998488,10.099999999998488
2023-12-12T13:00:00.000Z,USD/JPY,BUY,2023-12-12T13:02:00.000Z,winter,13:00,no,yes,,9.999999999999432,9.999999999999432
2023-12-12T13:00:00.000Z,AUD/JPY,BUY,2023-12-12T13:02:00.000Z,winter,13:00,no,yes,,9.999999999999432,9.999999999999432
2023-12-12T13:00:00.000Z,EUR/USD,SELL,2023-12-12T13:02:00.000Z,winter,13:00,no,yes,,11.499999999999844,11.499999999999844
2023-12-12T14:15:00.000Z,AUD/JPY,BUY,2023-12-12T14:17:00.000Z,winter,14:15,no,yes,,-4.099999999999682,-4.699999999999704
2023-12-12T14:15:00.000Z,AUD/USD,BUY,2023-12-12T14:17:00.000Z,winter,14:15,no,yes,,6.950000000000012,6.599999999999939
2023-12-12T15:00:00.000Z,AUD/USD,BUY,2023-12-12T15:02:00.000Z,winter,15:00,no,yes,,10.000000000000009,10.000000000000009
2023-12-12T16:00:00.000Z,AUD/JPY,BUY,2023-12-12T16:02:00.000Z,winter,16:00,no,yes,,2.1500000000003183,1.6999999999995907
2023-12-13T07:30:00.000Z,USD/JPY,SELL,2023-12-13T07:32:00.000Z,winter,07:30,no,yes,,9.999999999999432,9.999999999999432
2023-12-13T07:30:00.000Z,EUR/JPY,SELL,2023-12-13T07:32:00.000Z,winter,07:30,no,yes,,9.999999999999432,9.999999999999432
2023-12-13T08:45:00.000Z,EUR/JPY,SELL,2023-12-13T08:47:00.000Z,winter,08:45,no,yes,,9.999999999999432,9.999999999999432
2023-12-13T14:45:00.000Z,USD/JPY,BUY,2023-12-13T14:47:00.000Z,winter,14:45,no,yes,,10.3999999999985,10.3999999999985
2023-12-13T14:45:00.000Z,AUD/USD,SELL,2023-12-13T14:47:00.000Z,winter,14:45,no,yes,,-141.90000000000035,-142.2000000000001
2023-12-13T15:00:00.000Z,EUR/JPY,BUY,2023-12-13T15:02:00.000Z,winter,15:00,no,yes,,9.999999999999432,9.999999999999432
2023-12-13T16:30:00.000Z,EUR/JPY,BUY,2023-12-13T16:32:00.000Z,winter,16:30,no,yes,,-95.59999999999889,-96.0000000000008
2023-12-13T17:30:00.000Z,USD/JPY,BUY,2023-12-13T17:32:00.000Z,winter,17:30,no,yes,,11.199999999999477,11.199999999999477
2023-12-13T22:00:00.000Z,EUR/USD,SELL,2023-12-13T22:10:00.000Z,winter,22:00,yes,yes,,-116.74999999999879,-119.49999999999905
2023-12-13T22:30:00.000Z,EUR/USD,SELL,2023-12-13T22:32:00.000Z,winter,22:30,yes,yes,,-120.49999999999893,-123.50000000000082
2023-12-13T22:45:00.000Z,AUD/USD,SELL,2023-12-13T22:47:00.000Z,winter,22:45,yes,yes,,-40.35000000000011,-42.60000000000041
2023-12-13T23:00:00.000Z,EUR/JPY,BUY,2023-12-13T23:02:00.000Z,winter,23:00,yes,yes,,26.200000000000045,26.200000000000045
2023-12-13T23:00:00.000Z,AUD/JPY,BUY,2023-12-13T23:02:00.000Z,winter,23:00,yes,yes,,15.30000000000058,15.30000000000058
2023-12-13T23:30:00.000Z,EUR/JPY,BUY,2023-12-13T23:32:00.000Z,winter,23:30,yes,yes,,14.099999999999113,14.099999999999113
2023-12-13T23:45:00.000Z,USD/JPY,BUY,2023-12-13T23:47:00.000Z,winter,23:45,yes,yes,,-38.349999999999795,-38.700000000000045
2023-12-14T00:00:00.000Z,AUD/USD,SELL,2023-12-14T00:02:00.000Z,winter,00:00,no,yes,,-34.69999999999973,-34.999999999999474
2023-12-14T00:15:00.000Z,EUR/USD,SELL,2023-12-14T00:17:00.000Z,winter,00:15,no,yes,,-105.64999999999935,-105.89999999999877
2023-12-14T01:15:00.000Z,USD/JPY,BUY,2023-12-14T01:17:00.000Z,winter,01:15,no,yes,,17.199999999999704,17.199999999999704
2023-12-14T01:15:00.000Z,EUR/USD,SELL,2023-12-14T01:17:00.000Z,winter,01:15,no,yes,,-94.65000000000056,-94.89999999999998
2023-12-14T04:00:00.000Z,EUR/USD,SELL,2023-12-14T04:02:00.000Z,winter,04:00,no,yes,,9.999999999998899,9.999999999998899
2023-12-14T04:15:00.000Z,EUR/JPY,BUY,2023-12-14T04:17:00.000Z,winter,04:15,no,yes,,14.19999999999959,14.19999999999959
2023-12-14T04:15:00.000Z,AUD/USD,SELL,2023-12-14T04:17:00.000Z,winter,04:15,no,yes,,11.099999999999444,11.099999999999444
2023-12-14T04:30:00.000Z,USD/JPY,BUY,2023-12-14T04:32:00.000Z,winter,04:30,no,yes,,16.29999999999825,16.29999999999825
2023-12-14T06:30:00.000Z,AUD/USD,SELL,2023-12-14T06:32:00.000Z,winter,06:30,no,yes,,10.000000000000009,10.000000000000009
2023-12-14T12:30:00.000Z,EUR/USD,SELL,2023-12-14T12:32:00.000Z,winter,12:30,no,yes,,11.000000000001009,11.000000000001009
2023-12-14T14:30:00.000Z,EUR/USD,SELL,2023-12-14T14:32:00.000Z,winter,14:30,no,yes,,20.099999999998452,20.099999999998452
2023-12-14T15:30:00.000Z,EUR/USD,SELL,2023-12-14T15:32:00.000Z,winter,15:30,no,yes,,9.999999999998899,9.999999999998899
2023-12-14T16:15:00.000Z,EUR/JPY,SELL,2023-12-14T16:17:00.000Z,winter,16:15,no,yes,,9.999999999999432,9.999999999999432
2023-12-14T16:30:00.000Z,EUR/USD,SELL,2023-12-14T16:32:00.000Z,winter,16:30,no,yes,,12.399999999999078,12.399999999999078
2023-12-14T17:00:00.000Z,EUR/USD,SELL,2023-12-14T17:02:00.000Z,winter,17:00,no,yes,,9.999999999998899,9.999999999998899
2023-12-14T17:45:00.000Z,EUR/USD,SELL,2023-12-14T17:47:00.000Z,winter,17:45,no,yes,,12.799999999999478,12.799999999999478
2023-12-14T18:00:00.000Z,EUR/JPY,SELL,2023-12-14T18:02:00.000Z,winter,18:00,no,yes,,14.500000000001023,14.500000000001023
2023-12-14T18:15:00.000Z,EUR/USD,SELL,2023-12-14T18:17:00.000Z,winter,18:15,no,yes,,9.999999999998899,9.999999999998899
2023-12-14T20:15:00.000Z,EUR/JPY,SELL,2023-12-14T20:17:00.000Z,winter,20:15,no,yes,,9.999999999999432,9.999999999999432
2023-12-15T00:45:00.000Z,AUD/JPY,SELL,2023-12-15T00:47:00.000Z,winter,00:45,no,no,friday,10.299999999999443,10.299999999999443
2023-12-15T01:00:00.000Z,USD/JPY,SELL,2023-12-15T01:02:00.000Z,winter,01:00,no,no,friday,10.899999999998045,10.899999999998045
2023-12-15T01:00:00.000Z,EUR/JPY,SELL,2023-12-15T01:02:00.000Z,winter,01:00,no,no,friday,9.999999999999432,9.999999999999432
2023-12-15T09:15:00.000Z,EUR/USD,BUY,2023-12-15T09:17:00.000Z,winter,09:15,no,no,friday,-63.9500000000015,-66.30000000000136
2023-12-15T10:00:00.000Z,EUR/JPY,BUY,2023-12-15T10:02:00.000Z,winter,10:00,no,no,friday,10.099999999999909,10.099999999999909
2023-12-15T10:45:00.000Z,EUR/JPY,BUY,2023-12-15T10:47:00.000Z,winter,10:45,no,no,friday,13.399999999998613,13.399999999998613
2023-12-15T14:15:00.000Z,AUD/USD,BUY,2023-12-15T14:17:00.000Z,winter,14:15,no,no,friday,10.000000000000009,10.000000000000009
2023-12-15T15:00:00.000Z,AUD/JPY,BUY,2023-12-15T15:02:00.000Z,winter,15:00,no,no,friday,9.999999999999432,9.999999999999432
2023-12-15T15:30:00.000Z,EUR/JPY,BUY,2023-12-15T15:32:00.000Z,winter,15:30,no,no,friday,9.999999999999432,9.999999999999432
2023-12-15T16:00:00.000Z,EUR/USD,BUY,2023-12-15T16:02:00.000Z,winter,16:00,no,no,friday,-18.9499999999998,-21.299999999999653
2023-12-15T16:30:00.000Z,EUR/USD,BUY,2023-12-15T16:32:00.000Z,winter,16:30,no,no,friday,-17.850000000001476,-20.200000000001328
2023-12-15T17:00:00.000Z,EUR/USD,BUY,2023-12-15T17:02:00.000Z,winter,17:00,no,no,friday,9.999999999998899,9.999999999998899
2023-12-15T19:45:00.000Z,EUR/USD,BUY,2023-12-15T19:47:00.000Z,winter,19:45,no,no,friday,10.099999999999554,10.099999999999554
2023-12-18T07:15:00.000Z,AUD/JPY,SELL,2023-12-18T07:17:00.000Z,winter,07:15,no,yes,,12.300000000000466,12.300000000000466
2023-12-18T08:00:00.000Z,EUR/USD,SELL,2023-12-18T08:02:00.000Z,winter,08:00,no,yes,,9.999999999998899,9.999999999998899
2023-12-18T08:30:00.000Z,EUR/JPY,SELL,2023-12-18T08:32:00.000Z,winter,08:30,no,yes,,9.999999999999432,9.999999999999432
2023-12-18T08:30:00.000Z,AUD/JPY,SELL,2023-12-18T08:32:00.000Z,winter,08:30,no,yes,,10.999999999998522,10.999999999998522
2023-12-18T09:30:00.000Z,AUD/USD,SELL,2023-12-18T09:32:00.000Z,winter,09:30,no,yes,,10.000000000000009,10.000000000000009
2023-12-18T11:30:00.000Z,USD/JPY,SELL,2023-12-18T11:32:00.000Z,winter,11:30,no,yes,,11.7999999999995,11.7999999999995
2023-12-18T11:30:00.000Z,EUR/JPY,SELL,2023-12-18T11:32:00.000Z,winter,11:30,no,yes,,12.399999999999523,12.399999999999523
2023-12-18T11:30:00.000Z,AUD/JPY,SELL,2023-12-18T11:32:00.000Z,winter,11:30,no,yes,,11.299999999999955,11.299999999999955
2023-12-18T12:45:00.000Z,EUR/JPY,SELL,2023-12-18T12:47:00.000Z,winter,12:45,no,yes,,11.599999999998545,11.599999999998545
2023-12-18T13:30:00.000Z,AUD/JPY,SELL,2023-12-18T13:32:00.000Z,winter,13:30,no,yes,,9.999999999999432,9.999999999999432
2023-12-18T13:45:00.000Z,EUR/JPY,SELL,2023-12-18T13:47:00.000Z,winter,13:45,no,yes,,9.999999999999432,9.999999999999432
2023-12-18T14:30:00.000Z,USD/JPY,SELL,2023-12-18T14:32:00.000Z,winter,14:30,no,yes,,9.999999999999432,9.999999999999432
2023-12-18T15:45:00.000Z,EUR/JPY,SELL,2023-12-18T15:47:00.000Z,winter,15:45,no,yes,,12.999999999999545,12.999999999999545
2023-12-18T16:15:00.000Z,AUD/USD,BUY,2023-12-18T16:17:00.000Z,winter,16:15,no,yes,,10.000000000000009,10.000000000000009
2023-12-18T17:30:00.000Z,AUD/USD,BUY,2023-12-18T17:32:00.000Z,winter,17:30,no,yes,,10.799999999999699,10.799999999999699
2023-12-19T00:45:00.000Z,AUD/JPY,BUY,2023-12-19T00:47:00.000Z,winter,00:45,no,yes,,9.999999999999432,9.999999999999432
2023-12-19T01:00:00.000Z,USD/JPY,BUY,2023-12-19T01:02:00.000Z,winter,01:00,no,yes,,15.299999999999159,15.299999999999159
2023-12-19T01:00:00.000Z,EUR/JPY,BUY,2023-12-19T01:02:00.000Z,winter,01:00,no,yes,,14.799999999996771,14.799999999996771
2023-12-19T01:30:00.000Z,USD/JPY,BUY,2023-12-19T01:32:00.000Z,winter,01:30,no,yes,,0,0
2023-12-19T01:30:00.000Z,EUR/JPY,BUY,2023-12-19T01:32:00.000Z,winter,01:30,no,yes,,9.999999999999432,9.999999999999432
2023-12-19T03:30:00.000Z,USD/JPY,SELL,2023-12-19T03:32:00.000Z,winter,03:30,no,yes,,12.5,12.5
2023-12-19T04:15:00.000Z,EUR/JPY,SELL,2023-12-19T04:17:00.000Z,winter,04:15,no,yes,,9.999999999999432,9.999999999999432
2023-12-19T04:30:00.000Z,AUD/JPY,SELL,2023-12-19T04:32:00.000Z,winter,04:30,no,yes,,9.999999999999432,9.999999999999432
2023-12-19T07:30:00.000Z,USD/JPY,SELL,2023-12-19T07:32:00.000Z,winter,07:30,no,yes,,12.5,12.5
2023-12-19T07:30:00.000Z,AUD/JPY,SELL,2023-12-19T07:32:00.000Z,winter,07:30,no,yes,,-39.54999999999984,-40.099999999999625
2023-12-19T07:45:00.000Z,EUR/USD,SELL,2023-12-19T07:47:00.000Z,winter,07:45,no,yes,,-33.94999999999815,-34.19999999999978
2023-12-19T11:30:00.000Z,USD/JPY,SELL,2023-12-19T11:32:00.000Z,winter,11:30,no,yes,,12.199999999998568,12.199999999998568
2023-12-19T11:30:00.000Z,EUR/JPY,SELL,2023-12-19T11:32:00.000Z,winter,11:30,no,yes,,11.899999999997135,11.899999999997135
2023-12-19T12:00:00.000Z,USD/JPY,SELL,2023-12-19T12:02:00.000Z,winter,12:00,no,yes,,0,0
2023-12-19T12:15:00.000Z,AUD/JPY,SELL,2023-12-19T12:17:00.000Z,winter,12:15,no,yes,,11.599999999998545,11.599999999998545
2023-12-19T13:15:00.000Z,EUR/USD,SELL,2023-12-19T13:17:00.000Z,winter,13:15,no,yes,,9.999999999998899,9.999999999998899
2023-12-19T13:45:00.000Z,AUD/USD,SELL,2023-12-19T13:47:00.000Z,winter,13:45,no,yes,,-26.55000000000074,-26.900000000000812
2023-12-19T14:15:00.000Z,AUD/USD,SELL,2023-12-19T14:17:00.000Z,winter,14:15,no,yes,,-26.800000000000157,-27.099999999999902
2023-12-19T15:15:00.000Z,EUR/USD,SELL,2023-12-19T15:17:00.000Z,winter,15:15,no,yes,,12.099999999999334,12.099999999999334
2023-12-19T16:00:00.000Z,AUD/USD,SELL,2023-12-19T16:02:00.000Z,winter,16:00,no,yes,,10.000000000000009,10.000000000000009
2023-12-19T16:45:00.000Z,AUD/USD,SELL,2023-12-19T16:47:00.000Z,winter,16:45,no,yes,,10.200000000000209,10.200000000000209
2023-12-20T05:15:00.000Z,USD/JPY,BUY,2023-12-20T05:17:00.000Z,winter,05:15,no,yes,,9.999999999999432,9.999999999999432
2023-12-20T05:30:00.000Z,EUR/JPY,BUY,2023-12-20T05:32:00.000Z,winter,05:30,no,yes,,9.999999999999432,9.999999999999432
2023-12-20T07:30:00.000Z,EUR/USD,BUY,2023-12-20T07:32:00.000Z,winter,07:30,no,yes,,9.999999999998899,9.999999999998899
2023-12-20T12:15:00.000Z,EUR/JPY,BUY,2023-12-20T12:17:00.000Z,winter,12:15,no,yes,,10.69999999999709,10.69999999999709
2023-12-20T12:45:00.000Z,EUR/USD,BUY,2023-12-20T12:47:00.000Z,winter,12:45,no,yes,,9.999999999998899,9.999999999998899
2023-12-20T16:45:00.000Z,EUR/JPY,SELL,2023-12-20T16:47:00.000Z,winter,16:45,no,yes,,9.999999999999432,9.999999999999432
2023-12-20T21:15:00.000Z,EUR/USD,BUY,2023-12-20T21:17:00.000Z,winter,21:15,yes,yes,,9.999999999998899,9.999999999998899
2023-12-20T22:45:00.000Z,AUD/USD,BUY,2023-12-20T22:47:00.000Z,winter,22:45,yes,yes,,0,0
2023-12-20T23:00:00.000Z,AUD/JPY,BUY,2023-12-20T23:02:00.000Z,winter,23:00,yes,yes,,11.199999999999477,11.199999999999477
2023-12-20T23:30:00.000Z,EUR/JPY,BUY,2023-12-20T23:32:00.000Z,winter,23:30,yes,yes,,9.999999999999432,9.999999999999432
2023-12-21T02:00:00.000Z,AUD/JPY,BUY,2023-12-21T02:02:00.000Z,winter,02:00,no,yes,,12.599999999999056,12.599999999999056
2023-12-21T02:45:00.000Z,USD/JPY,BUY,2023-12-21T02:47:00.000Z,winter,02:45,no,yes,,12.700000000000955,12.700000000000955
2023-12-21T02:45:00.000Z,EUR/JPY,BUY,2023-12-21T02:47:00.000Z,winter,02:45,no,yes,,11.39999999999759,11.39999999999759
2023-12-21T03:30:00.000Z,USD/JPY,BUY,2023-12-21T03:32:00.000Z,winter,03:30,no,yes,,9.999999999999432,9.999999999999432
2023-12-21T03:30:00.000Z,EUR/JPY,BUY,2023-12-21T03:32:00.000Z,winter,03:30,no,yes,,9.999999999999432,9.999999999999432
2023-12-21T13:00:00.000Z,USD/JPY,BUY,2023-12-21T13:02:00.000Z,winter,13:00,no,yes,,10.899999999998045,10.899999999998045
2023-12-21T14:15:00.000Z,USD/JPY,BUY,2023-12-21T14:17:00.000Z,winter,14:15,no,yes,,14.599999999998658,14.599999999998658
2023-12-21T14:15:00.000Z,AUD/USD,SELL,2023-12-21T14:17:00.000Z,winter,14:15,no,yes,,-36.399999999999764,-36.80000000000017
2023-12-21T15:15:00.000Z,USD/JPY,BUY,2023-12-21T15:17:00.000Z,winter,15:15,no,yes,,-26.250000000001705,-26.500000000001478
2023-12-21T15:15:00.000Z,EUR/USD,SELL,2023-12-21T15:17:00.000Z,winter,15:15,no,yes,,-47.699999999999406,-47.999999999999154
2023-12-21T15:15:00.000Z,AUD/USD,SELL,2023-12-21T15:17:00.000Z,winter,15:15,no,yes,,-39.05000000000047,-39.500000000000085
2023-12-21T16:45:00.000Z,AUD/USD,SELL,2023-12-21T16:47:00.000Z,winter,16:45,no,yes,,11.099999999999444,11.099999999999444
2023-12-21T22:15:00.000Z,EUR/USD,SELL,2023-12-21T22:17:00.000Z,winter,22:15,yes,yes,,9.999999999998899,9.999999999998899
2023-12-22T04:15:00.000Z,AUD/USD,BUY,2023-12-22T04:17:00.000Z,winter,04:15,no,no,friday,10.800000000000809,10.800000000000809
2023-12-22T12:45:00.000Z,EUR/USD,SELL,2023-12-22T12:47:00.000Z,winter,12:45,no,no,friday,9.999999999998899,9.999999999998899
2023-12-22T13:00:00.000Z,AUD/USD,SELL,2023-12-22T13:02:00.000Z,winter,13:00,no,no,friday,11.200000000000099,11.200000000000099
2023-12-22T15:00:00.000Z,AUD/JPY,SELL,2023-12-22T15:02:00.000Z,winter,15:00,no,no,friday,-3.849999999999909,-12.099999999999511
2023-12-22T15:00:00.000Z,AUD/USD,SELL,2023-12-22T15:02:00.000Z,winter,15:00,no,no,friday,10.300000000000864,10.300000000000864
2023-12-22T16:00:00.000Z,AUD/JPY,SELL,2023-12-22T16:02:00.000Z,winter,16:00,no,no,friday,-1.9500000000007844,-10.200000000000387
2023-12-22T17:30:00.000Z,USD/JPY,SELL,2023-12-22T17:32:00.000Z,winter,17:30,no,no,friday,6.19999999999834,-9.600000000000364
2023-12-26T14:45:00.000Z,AUD/JPY,SELL,2023-12-26T14:47:00.000Z,winter,14:45,no,yes,,-50.40000000000049,-50.900000000000034
2023-12-26T18:15:00.000Z,EUR/JPY,SELL,2023-12-26T18:17:00.000Z,winter,18:15,no,yes,,-51.499999999998636,-51.8999999999977
2023-12-26T19:15:00.000Z,EUR/JPY,SELL,2023-12-26T19:17:00.000Z,winter,19:15,no,yes,,-51.200000000000045,-51.600000000001955
2023-12-26T20:15:00.000Z,EUR/JPY,SELL,2023-12-26T20:17:00.000Z,winter,20:15,no,yes,,9.999999999999432,9.999999999999432
2023-12-26T20:15:00.000Z,EUR/USD,SELL,2023-12-26T20:17:00.000Z,winter,20:15,no,yes,,9.999999999998899,9.999999999998899
2023-12-26T20:45:00.000Z,AUD/JPY,SELL,2023-12-26T20:47:00.000Z,winter,20:45,yes,yes,,9.999999999999432,9.999999999999432
2023-12-26T20:45:00.000Z,AUD/USD,SELL,2023-12-26T20:47:00.000Z,winter,20:45,yes,yes,,-21.14999999999978,-24.89999999999992
2023-12-27T00:45:00.000Z,EUR/JPY,SELL,2023-12-27T00:47:00.000Z,winter,00:45,no,yes,,12.300000000001887,12.300000000001887
2023-12-27T00:45:00.000Z,AUD/JPY,SELL,2023-12-27T00:47:00.000Z,winter,00:45,no,yes,,10.299999999999443,10.299999999999443
2023-12-27T01:00:00.000Z,USD/JPY,SELL,2023-12-27T01:02:00.000Z,winter,01:00,no,yes,,9.999999999999432,9.999999999999432
2023-12-27T05:00:00.000Z,AUD/JPY,SELL,2023-12-27T05:02:00.000Z,winter,05:00,no,yes,,11.10000000000042,11.10000000000042
2023-12-27T07:45:00.000Z,EUR/JPY,SELL,2023-12-27T07:47:00.000Z,winter,07:45,no,yes,,12.100000000000932,12.100000000000932
2023-12-27T12:45:00.000Z,EUR/USD,SELL,2023-12-27T12:47:00.000Z,winter,12:45,no,yes,,-59.80000000000096,-60.100000000000705
2023-12-27T15:15:00.000Z,EUR/JPY,SELL,2023-12-27T15:17:00.000Z,winter,15:15,no,yes,,9.999999999999432,9.999999999999432
2023-12-27T17:00:00.000Z,USD/JPY,BUY,2023-12-27T17:02:00.000Z,winter,17:00,no,yes,,9.999999999999432,9.999999999999432
2023-12-27T17:45:00.000Z,EUR/USD,SELL,2023-12-27T17:47:00.000Z,winter,17:45,no,yes,,9.999999999998899,9.999999999998899
2023-12-27T20:00:00.000Z,USD/JPY,BUY,2023-12-27T20:02:00.000Z,winter,20:00,no,yes,,-42.15000000000089,-57.800000000000296
2023-12-27T20:00:00.000Z,AUD/JPY,BUY,2023-12-27T20:02:00.000Z,winter,20:00,no,yes,,9.999999999999432,9.999999999999432
2023-12-27T23:15:00.000Z,USD/JPY,BUY,2023-12-27T23:17:00.000Z,winter,23:15,yes,yes,,-37.999999999999545,-38.10000000000002
2023-12-28T00:45:00.000Z,EUR/JPY,BUY,2023-12-28T00:47:00.000Z,winter,00:45,no,yes,,14.599999999998658,14.599999999998658
2023-12-28T01:00:00.000Z,USD/JPY,BUY,2023-12-28T01:02:00.000Z,winter,01:00,no,yes,,5.700000000001637,5.500000000000682
2023-12-28T02:15:00.000Z,EUR/USD,SELL,2023-12-28T02:17:00.000Z,winter,02:15,no,yes,,11.900000000000244,11.900000000000244
2023-12-28T02:30:00.000Z,AUD/USD,SELL,2023-12-28T02:32:00.000Z,winter,02:30,no,yes,,0,0
2023-12-28T05:00:00.000Z,USD/JPY,BUY,2023-12-28T05:02:00.000Z,winter,05:00,no,yes,,9.999999999999432,9.999999999999432
2023-12-28T05:15:00.000Z,AUD/JPY,BUY,2023-12-28T05:17:00.000Z,winter,05:15,no,yes,,9.999999999999432,9.999999999999432
2023-12-28T06:30:00.000Z,USD/JPY,BUY,2023-12-28T06:32:00.000Z,winter,06:30,no,yes,,9.999999999999432,9.999999999999432
2023-12-28T07:45:00.000Z,EUR/JPY,BUY,2023-12-28T07:47:00.000Z,winter,07:45,no,yes,,11.699999999999022,11.699999999999022
2023-12-28T08:00:00.000Z,AUD/JPY,BUY,2023-12-28T08:02:00.000Z,winter,08:00,no,yes,,13.999999999998636,13.999999999998636
2023-12-28T08:15:00.000Z,USD/JPY,BUY,2023-12-28T08:17:00.000Z,winter,08:15,no,yes,,9.999999999999432,9.999999999999432
2023-12-28T10:30:00.000Z,USD/JPY,BUY,2023-12-28T10:32:00.000Z,winter,10:30,no,yes,,10.999999999998522,10.999999999998522
2023-12-28T10:30:00.000Z,AUD/JPY,BUY,2023-12-28T10:32:00.000Z,winter,10:30,no,yes,,11.099999999999,11.099999999999
2023-12-28T14:15:00.000Z,EUR/USD,BUY,2023-12-28T14:17:00.000Z,winter,14:15,no,yes,,9.999999999998899,9.999999999998899
2023-12-28T16:00:00.000Z,EUR/JPY,BUY,2023-12-28T16:02:00.000Z,winter,16:00,no,yes,,9.999999999999432,9.999999999999432
2023-12-28T18:45:00.000Z,EUR/USD,BUY,2023-12-28T18:47:00.000Z,winter,18:45,no,yes,,11.199999999997878,11.199999999997878
2023-12-29T01:30:00.000Z,EUR/JPY,SELL,2023-12-29T01:32:00.000Z,winter,01:30,no,no,friday,11.899999999999977,11.899999999999977
2023-12-29T10:15:00.000Z,USD/JPY,SELL,2023-12-29T10:17:00.000Z,winter,10:15,no,no,friday,9.999999999999432,9.999999999999432
2023-12-29T11:45:00.000Z,AUD/USD,BUY,2023-12-29T11:47:00.000Z,winter,11:45,no,no,friday,10.000000000000009,10.000000000000009
2023-12-29T12:30:00.000Z,AUD/USD,BUY,2023-12-29T12:32:00.000Z,winter,12:30,no,no,friday,10.000000000000009,10.000000000000009
2023-12-29T13:45:00.000Z,AUD/JPY,BUY,2023-12-29T13:47:00.000Z,winter,13:45,no,no,friday,10.099999999999909,10.099999999999909
2023-12-29T14:45:00.000Z,AUD/USD,BUY,2023-12-29T14:47:00.000Z,winter,14:45,no,no,friday,0,0
2023-12-29T16:30:00.000Z,USD/JPY,BUY,2023-12-29T16:32:00.000Z,winter,16:30,no,no,friday,9.999999999999432,9.999999999999432
2023-12-29T17:00:00.000Z,USD/JPY,BUY,2023-12-29T17:02:00.000Z,winter,17:00,no,no,friday,13.800000000000523,13.800000000000523
2023-12-29T17:00:00.000Z,EUR/JPY,BUY,2023-12-29T17:02:00.000Z,winter,17:00,no,no,friday,-16.499999999999204,-29.49999999999875
